/*
Navicat MySQL Data Transfer

Source Server         : dancefunk
Source Server Version : 50553
Source Host           : localhost:3306
Source Database       : mobipark

Target Server Type    : MYSQL
Target Server Version : 50553
File Encoding         : 65001

Date: 2017-04-15 17:22:52
*/

SET FOREIGN_KEY_CHECKS=0;

-- ----------------------------
-- Table structure for pre_admin
-- ----------------------------
DROP TABLE IF EXISTS `pre_admin`;
CREATE TABLE `pre_admin` (
  `admin_id` int(11) NOT NULL AUTO_INCREMENT,
  `admin_name` varchar(45) DEFAULT NULL,
  `admin_pwd` varchar(45) DEFAULT NULL,
  `admin_img` varchar(255) DEFAULT NULL,
  PRIMARY KEY (`admin_id`)
) ENGINE=MyISAM AUTO_INCREMENT=39 DEFAULT CHARSET=utf8 COMMENT='管理员表';

-- ----------------------------
-- Records of pre_admin
-- ----------------------------
INSERT INTO `pre_admin` VALUES ('1', 'admin', 'e10adc3949ba59abbe56e057f20f883e', '123456789');
INSERT INTO `pre_admin` VALUES ('2', 'aaaaa', '2134234324', '123213213');
INSERT INTO `pre_admin` VALUES ('3', 'aaaaa', '2134234324', '123213213');
INSERT INTO `pre_admin` VALUES ('4', 'aaaaa', '2134234324', '123213213');
INSERT INTO `pre_admin` VALUES ('5', 'aaaaa', '2134234324', '123213213');
INSERT INTO `pre_admin` VALUES ('6', 'aaaaa', '2134234324', '123213213');
INSERT INTO `pre_admin` VALUES ('7', 'aaaaa', '2134234324', '123213213');
INSERT INTO `pre_admin` VALUES ('8', 'aaaaa', '2134234324', '123213213');
INSERT INTO `pre_admin` VALUES ('9', 'aaaaa', '2134234324', '123213213');
INSERT INTO `pre_admin` VALUES ('10', 'aaaaa', '2134234324', '123213213');
INSERT INTO `pre_admin` VALUES ('11', 'aaaaa', '2134234324', '123213213');
INSERT INTO `pre_admin` VALUES ('12', 'aaaaa', '2134234324', '123213213');
INSERT INTO `pre_admin` VALUES ('13', 'aaaaa', '2134234324', '123213213');
INSERT INTO `pre_admin` VALUES ('14', 'aaaaa', '2134234324', '123213213');
INSERT INTO `pre_admin` VALUES ('15', 'aaaaa', '2134234324', '123213213');
INSERT INTO `pre_admin` VALUES ('16', 'aaaaa', '2134234324', '123213213');
INSERT INTO `pre_admin` VALUES ('17', 'aaaaa', '2134234324', '123213213');
INSERT INTO `pre_admin` VALUES ('18', 'aaaaa', '2134234324', '123213213');
INSERT INTO `pre_admin` VALUES ('19', 'aaaaa', '2134234324', '123213213');
INSERT INTO `pre_admin` VALUES ('20', 'aaaaa', '2134234324', '123213213');
INSERT INTO `pre_admin` VALUES ('21', 'aaaaa', '2134234324', '123213213');
INSERT INTO `pre_admin` VALUES ('22', 'aaaaa', '2134234324', '123213213');
INSERT INTO `pre_admin` VALUES ('23', 'aaaaa', '2134234324', '123213213');
INSERT INTO `pre_admin` VALUES ('24', 'aaaaa', '2134234324', '123213213');
INSERT INTO `pre_admin` VALUES ('25', 'aaaaa', '2134234324', '123213213');
INSERT INTO `pre_admin` VALUES ('26', 'aaaaa', '2134234324', '123213213');
INSERT INTO `pre_admin` VALUES ('27', 'aaaaa', '2134234324', '123213213');
INSERT INTO `pre_admin` VALUES ('28', 'aaaaa', '2134234324', '123213213');
INSERT INTO `pre_admin` VALUES ('29', 'aaaaa', '2134234324', '123213213');
INSERT INTO `pre_admin` VALUES ('30', 'aaaaa', '2134234324', '123213213');
INSERT INTO `pre_admin` VALUES ('36', '1111111', '4297f44b13955235245b2497399d7a93', 'static/uploads/201704110231112906.jpg');
INSERT INTO `pre_admin` VALUES ('35', '1234', '81dc9bdb52d04dc20036dbd8313ed055', 'static/uploads/201704110223136779.jpg');
INSERT INTO `pre_admin` VALUES ('37', '123123123', '4297f44b13955235245b2497399d7a93', 'static/uploads/201704110232007556.jpg');
INSERT INTO `pre_admin` VALUES ('38', 'sssssssssssss', 'e10adc3949ba59abbe56e057f20f883e', 'static/uploads/201704110233526982.jpg');

-- ----------------------------
-- Table structure for pre_article
-- ----------------------------
DROP TABLE IF EXISTS `pre_article`;
CREATE TABLE `pre_article` (
  `article_id` int(11) NOT NULL AUTO_INCREMENT,
  `article_title` varchar(45) DEFAULT NULL COMMENT '文章标题',
  `article_desc` text COMMENT '文章描述',
  `article_img` varchar(255) DEFAULT NULL COMMENT '文章图片',
  `article_time` int(11) DEFAULT NULL COMMENT '添加时间',
  `article_author` varchar(45) DEFAULT NULL COMMENT '文章作者',
  `article_content` text COMMENT '文章正文内容',
  `artcate_id` int(11) NOT NULL COMMENT '文章分类外键',
  PRIMARY KEY (`article_id`,`artcate_id`),
  KEY `fk_pre_article_pre_article_cate_idx` (`artcate_id`)
) ENGINE=MyISAM AUTO_INCREMENT=52 DEFAULT CHARSET=utf8 COMMENT='文章表';

-- ----------------------------
-- Records of pre_article
-- ----------------------------
INSERT INTO `pre_article` VALUES ('1', '景区旅游示意图及导览图', '景区旅游示意图及导览图', null, '1484841600', '导航地图', '<p style=\"color:#666666;font-family:微软雅黑;background-color:#FFFFFF;\">\r\n	<img src=\"http://officialsite.juyingzhiye.com/2016/201604161311382352487.jpg\" title=\"农夫下_05.jpg\" />\r\n</p>\r\n<p style=\"color:#666666;font-family:微软雅黑;background-color:#FFFFFF;\">\r\n	<img src=\"http://officialsite.juyingzhiye.com/2016/201604161311382912519.jpg\" title=\"农夫下_06.jpg\" />\r\n</p>\r\n<div>\r\n	<br />\r\n</div>', '1');
INSERT INTO `pre_article` VALUES ('2', '2016农夫乐园全新亲子游线路推荐', '2016农夫乐园全新亲子游线路推荐，CS/互动/包水饺/野炊...，几十种活动组合供您选。', null, '1484928000', '农夫乐园', '<p style=\"color:#666666;font-family:微软雅黑;background-color:#FFFFFF;\">\r\n	<span style=\"font-size:16px;font-family:arial, helvetica, sans-serif;\">农夫乐园位于杭州余杭区良渚镇东西大道旁。营业时间9：00-16：30。</span>\r\n</p>\r\n<p style=\"color:#666666;font-family:微软雅黑;background-color:#FFFFFF;\">\r\n	<span style=\"font-size:16px;font-family:arial, helvetica, sans-serif;\">&nbsp; &nbsp; &nbsp; &nbsp; &nbsp;景区演绎节目特色表演：农家三绝（山羊跨栏、小猪跳水）；小动物表演（小狗走钢丝、山羊走独木桥等）；丰收广场（小丑表演、家庭互动、川技变脸等）。</span>\r\n</p>\r\n<p style=\"color:#666666;font-family:微软雅黑;background-color:#FFFFFF;\">\r\n	<span style=\"font-size:16px;font-family:arial, helvetica, sans-serif;\">&nbsp; &nbsp; &nbsp; &nbsp; &nbsp;景区免费游乐项目（海盗船、弯月飞车、摇头飞椅、旋转木马、旋转小蜜蜂、空中自行车、蹦蹦床等十大免费游乐）。</span>\r\n</p>\r\n<p style=\"color:#666666;font-family:微软雅黑;background-color:#FFFFFF;\">\r\n	<span style=\"font-size:16px;font-family:arial, helvetica, sans-serif;\">&nbsp; &nbsp; &nbsp; &nbsp; &nbsp;景区收费游乐项目（Cs拓展体验、卡丁车、碰碰车、划船、农夫嘉年华、小火车、多人自行车、大炮等）。</span>\r\n</p>\r\n<p style=\"color:#666666;font-family:微软雅黑;background-color:#FFFFFF;\">\r\n	<span style=\"font-size:16px;font-family:arial, helvetica, sans-serif;\">&nbsp; &nbsp; &nbsp; &nbsp; &nbsp;景区内含有CS拓展基地带给您不一样的激情体验，景区旁有凯得国际马术中心带给您策马奔腾的快感，景区还配套美食街、东田度假酒店给您提供方便的吃住。</span>\r\n</p>\r\n<p style=\"color:#666666;font-family:微软雅黑;background-color:#FFFFFF;\">\r\n	<br />\r\n</p>\r\n<p style=\"color:#666666;font-family:微软雅黑;background-color:#FFFFFF;\">\r\n	<img src=\"http://officialsite.juyingzhiye.com/2016/201604090921442385351.jpg\" title=\"CS拓展亲子.jpg\" />\r\n</p>\r\n<p style=\"color:#666666;font-family:微软雅黑;background-color:#FFFFFF;\">\r\n	<img src=\"http://officialsite.juyingzhiye.com/2016/201604090921450995844.jpg\" title=\"奔跑吧宝贝.jpg\" />\r\n</p>\r\n<p style=\"color:#666666;font-family:微软雅黑;background-color:#FFFFFF;\">\r\n	<img src=\"http://officialsite.juyingzhiye.com/2016/201604090921459946356.jpg\" title=\"欢乐亲子游.jpg\" />\r\n</p>', '1');
INSERT INTO `pre_article` VALUES ('3', '凯得国际马术中心', '农夫乐园-凯得国际马术中心', 'static/images/201604070948323159172.jpg', '1485532800', '农夫乐园', '<p style=\"line-height: 2em;\"><span style=\"font-family: arial, helvetica, sans-serif; font-size: 16px;\">&nbsp; &nbsp; &nbsp;&nbsp;<img src=\"http://officialsite.juyingzhiye.com/2016/201604161256457091991.jpg\" title=\"农夫下_04.jpg\"></span></p><p style=\"line-height: 2em;\"><span style=\"font-family: arial, helvetica, sans-serif; font-size: 16px;\">&nbsp; &nbsp; &nbsp; 农夫乐园凯得国际马术中心，位于余杭区良渚镇农夫乐园，是集马术训练、表演比赛以及健身休闲度假为一体的标准型综合性马术训练表演基地。</span></p><p style=\"line-height: 2em;\"><span style=\"font-family: arial, helvetica, sans-serif; font-size: 16px;\">&nbsp; &nbsp; &nbsp; &nbsp;凯得国际马术中心总占地面积200亩，配套农夫乐园亲子旅游景区，东田酒店度假村。马术总教练于炜东曾在全国公开赛获得浙江区域冠军，荣获凯易路马术公开赛第一名，上海马术公开赛获得两项第三名。现有资深教练5名，马术训练师10名，工作人员余百人。先后从美国、德国、比利时等国家和地区引进温血马、纯血马等。俱乐部内设训练区、表演区、比赛区、马匹休闲活动区等场地。</span></p><p style=\"line-height: 2em;\"><span style=\"font-family: arial, helvetica, sans-serif; font-size: 16px;\">&nbsp; &nbsp; &nbsp; &nbsp;凯得国际马术中心部旨在举办马术教学、马术夏令营，培养孩子独立性、适应性、协调性等素质，并由余杭区体育局指定为余杭区青少年马术训练基地，在当地政府关心支持下正积极为共同促进浙江省竞技体育事业的发展作出新的贡献。<strong>电话：0571-88781275 &nbsp;0571-88760888</strong></span></p><p><br></p>', '1');
INSERT INTO `pre_article` VALUES ('4', '野狼户外CS拓展', '农夫乐园-野狼户外CS拓展', 'static/images/201604070948488418625.jpg', '1484928000', '农夫乐园', '<span style=\"color:#666666;background-color:#FFFFFF;font-family:arial, helvetica, sans-serif;font-size:16px;\"><img src=\"http://officialsite.juyingzhiye.com/2016/201604161257587033742.jpg\" title=\"农夫下_03.jpg\" />&nbsp; &nbsp; &nbsp; &nbsp;&nbsp;</span><span style=\"color:#666666;background-color:#FFFFFF;font-family:arial, helvetica, sans-serif;line-height:3em;\">农夫乐园是杭州东田生态农业开发有限公司投资兴建的、以农耕文化为主的主题公园，曾获得“浙江省农业旅游示范点”的荣誉称号。农夫乐园为您提供农耕游乐、卡通演绎、农事互动、小动物表演、手工作坊体验、乡村美食体验及餐饮住宿等多项旅游服务，农耕各类题材及小动物表演等多种参与性活动。其中欢喜户外体验式活动基地有齐全的拓展训练项目和完善的设施，涵盖了高空拓展项目，地面拓展项目和水上拓展项目，可以提供场地与室内结合的培训和活动。另外，基地内后勤服务条件完善，酒店住宿、餐饮服务、篝火露营、野炊烧烤、会议安排等都可根据客户需求配套满足。严格的培训操作、专业的培训流程、优美的基地环境、贴心的后勤服务、完善的细节关注、权威的安全保护，让游客和学员在这里将得到最真实的收获和最真实的感动！住宿等多项旅游服务，农耕各类题材及小动物表演等多种参与性活动。其中欢喜户外体验式活动基地有齐全的拓展训练项目和完善的设施，涵盖了高空拓展项目，地面拓展项目和水上拓展项目，可以提供场地与室内结合的培训和活动。另外，基地内后勤服务条件完善，酒店住宿、餐饮服务、篝火露营、野炊烧烤、会议安排等都可根据客户需求配套满足。严格的培训操作、专业的培训流程、优美的基地环境、贴心的后勤服务、完善的细节关注、权威的安全保护，让游客和学员在这里将得到最真实的收获和最真实的感动！</span>', '1');
INSERT INTO `pre_article` VALUES ('5', '收费游乐项目', '农夫乐园收费游乐项目包含：骑马、水上游乐项目、5D电影、小火车、鬼屋、挖掘机、乐吧车、镜子迷宫、巡航舰、卡丁车、碰碰车、双人四人自行车、手工DIY。\r\n', null, '1484928000', '农夫乐园', '<p style=\"color:#666666;font-family:微软雅黑;background-color:#FFFFFF;\">\r\n	<span style=\"font-family:arial, helvetica, sans-serif;font-size:16px;\">农夫乐园收费游乐项目包含：骑马、水上游乐项目、5D电影、小火车、鬼屋、挖掘机、乐吧车、镜子迷宫、巡航舰、卡丁车、碰碰车、双人四人自行车、手工DIY。<br />\r\n骑马是一个健康时尚与休闲旅游健身项目，体验策马奔腾的快感。</span><img src=\"http://officialsite.juyingzhiye.com/2016/201604011112217558008.jpg\" title=\"马术.jpg\" style=\"width:873px;height:611px;\" /><span style=\"font-family:arial, helvetica, sans-serif;font-size:16px;\">&nbsp;</span>\r\n</p>\r\n<p style=\"color:#666666;font-family:微软雅黑;background-color:#FFFFFF;\">\r\n	<span style=\"font-family:arial, helvetica, sans-serif;font-size:16px;\">水上游乐项目包括滚筒、电动船、脚踏船等一系列水上游乐。给游客水上游乐新体验。&nbsp;</span><img src=\"http://officialsite.juyingzhiye.com/2016/201604011112428780089.jpg\" title=\"水上步行球.jpg\" style=\"width:875px;height:667px;\" /><span style=\"font-family:arial, helvetica, sans-serif;font-size:16px;\">&nbsp;</span>\r\n</p>\r\n<p style=\"color:#666666;font-family:微软雅黑;background-color:#FFFFFF;\">\r\n	<span style=\"font-family:arial, helvetica, sans-serif;font-size:16px;\">5D电影院将视觉、听觉、嗅觉、触觉和动感完美的融为一体，让观众最大限度模拟体验现实场景</span><img src=\"http://officialsite.juyingzhiye.com/2016/201604011114552035775.png\" title=\"222.png\" style=\"width:878px;height:732px;\" />\r\n</p>\r\n<p style=\"color:#666666;font-family:微软雅黑;background-color:#FFFFFF;\">\r\n	<span style=\"font-family:arial, helvetica, sans-serif;font-size:16px;\">小火车是观光类代步工具，带您轻松观光农夫乐园的美景。</span><img src=\"http://officialsite.juyingzhiye.com/2016/201604011115288255005.jpg\" title=\"小火车.jpg\" style=\"width:878px;height:631px;\" /><span style=\"font-family:arial, helvetica, sans-serif;font-size:16px;\">&nbsp;</span>\r\n</p>\r\n<p style=\"color:#666666;font-family:微软雅黑;background-color:#FFFFFF;\">\r\n	<span style=\"font-family:arial, helvetica, sans-serif;font-size:16px;\">鬼屋是集刺激、惊险，娱乐于一身的体验性娱乐项目，内部有很多条通道和很多刺激环节，加上光电效果和情景模式等，让大家在闯关同时，同时战胜恐惧的满足感。</span><img src=\"http://officialsite.juyingzhiye.com/2016/201604011116133990500.png\" title=\"223.png\" style=\"width:883px;height:503px;\" /><span style=\"font-family:arial, helvetica, sans-serif;font-size:16px;\">&nbsp;<br />\r\n</span>\r\n</p>\r\n<p style=\"color:#666666;font-family:微软雅黑;background-color:#FFFFFF;\">\r\n	<span style=\"font-family:arial, helvetica, sans-serif;font-size:16px;\">挖掘机为体验式游乐设备，是成人和儿童都可以玩的游乐设备，适合全家参与。能培养小孩动手动脑能力。</span><img src=\"http://officialsite.juyingzhiye.com/2016/201604011116426817249.jpg\" title=\"挖掘机.jpg\" style=\"width:882px;height:605px;\" /><span style=\"font-family:arial, helvetica, sans-serif;font-size:16px;\">&nbsp;</span>\r\n</p>\r\n<p style=\"color:#666666;font-family:微软雅黑;background-color:#FFFFFF;\">\r\n	<span style=\"font-family:arial, helvetica, sans-serif;font-size:16px;\">乐吧车以简单的摇杆操作控制为主，体验360°转弯旋转前后左右行驶的乐趣。</span><img src=\"http://officialsite.juyingzhiye.com/2016/201604011117307354734.png\" title=\"224.png\" style=\"width:886px;height:814px;\" /><span style=\"font-family:arial, helvetica, sans-serif;font-size:16px;\">&nbsp;&nbsp;<br />\r\n</span>\r\n</p>\r\n<p style=\"color:#666666;font-family:微软雅黑;background-color:#FFFFFF;\">\r\n	<span style=\"font-family:arial, helvetica, sans-serif;font-size:16px;\">镜子迷宫是迷宫类型的游乐项目，利用反光让游客体验不一样的乐趣。&nbsp;</span><img src=\"http://officialsite.juyingzhiye.com/2016/201604011118119648316.png\" style=\"width:887px;height:560px;\" /><span style=\"font-family:arial, helvetica, sans-serif;font-size:16px;\">&nbsp;<br />\r\n</span>\r\n</p>\r\n<p style=\"color:#666666;font-family:微软雅黑;background-color:#FFFFFF;\">\r\n	<span style=\"font-family:arial, helvetica, sans-serif;font-size:16px;\">巡航舰是及科普娱乐为一体的游乐项目。利用手推方向盘遥控巡洋战舰它独特的方向盘操作，可以像开车一样驾驶着小船在水里完成围追堵截，穿越障碍，相互碰撞等动作。&nbsp;<br />\r\n</span><img src=\"http://officialsite.juyingzhiye.com/2016/201604011118333980575.png\" style=\"width:904px;height:792px;\" />\r\n</p>\r\n<p style=\"color:#666666;font-family:微软雅黑;background-color:#FFFFFF;\">\r\n	<span style=\"font-family:arial, helvetica, sans-serif;font-size:16px;\">卡丁车是一个大众休闲，健身娱乐的项目，体验赛车的乐趣。</span><img src=\"http://officialsite.juyingzhiye.com/2016/201604011118514040874.jpg\" title=\"卡丁车.jpg\" style=\"width:900px;height:653px;\" />\r\n</p>\r\n<p style=\"color:#666666;font-family:微软雅黑;background-color:#FFFFFF;\">\r\n	<span style=\"font-family:arial, helvetica, sans-serif;font-size:16px;\">碰碰车是一个大众休闲娱乐项目，体验开车的乐趣。&nbsp;</span><img src=\"http://officialsite.juyingzhiye.com/2016/201604011119100701550.jpg\" title=\"碰碰车.jpg\" style=\"width:900px;height:663px;\" /><span style=\"font-family:arial, helvetica, sans-serif;font-size:16px;\">&nbsp;</span>\r\n</p>\r\n<p style=\"color:#666666;font-family:微软雅黑;background-color:#FFFFFF;\">\r\n	<span style=\"font-family:arial, helvetica, sans-serif;font-size:16px;\">双人、四人自行车，一家人运动代步的最好选择。&nbsp;<br />\r\n</span><img src=\"http://officialsite.juyingzhiye.com/2016/201604011119450111535.jpg\" title=\"SNV87745.jpg\" />\r\n</p>\r\n<p style=\"color:#666666;font-family:微软雅黑;background-color:#FFFFFF;\">\r\n	<span style=\"font-family:arial, helvetica, sans-serif;font-size:16px;\">手工DIY工坊，是一个儿童绘画、创意、手工为一体的体验馆。</span><img src=\"http://officialsite.juyingzhiye.com/2016/201604011120102765986.jpg\" title=\"QQ图片20150318112838.jpg\" style=\"width:900px;height:674px;\" />\r\n</p>\r\n<div>\r\n	<br />\r\n</div>', '1');
INSERT INTO `pre_article` VALUES ('6', '农夫乐园门票一票畅游', '农夫乐园门票一票畅游', null, '1484841600', '农夫乐园', '<p style=\"color:#666666;font-family:微软雅黑;background-color:#FFFFFF;\">\r\n	<img src=\"http://officialsite.juyingzhiye.com/2016/201605271032086679229.jpg\" title=\"农夫上_02.jpg\" width=\"700\" height=\"455\" border=\"0\" style=\"width:700px;height:455px;\" /><img src=\"http://officialsite.juyingzhiye.com/2016/201605271032004194511.jpg\" title=\"农夫下_01.jpg\" width=\"700\" height=\"946\" border=\"0\" style=\"width:700px;height:946px;\" />\r\n</p>\r\n<p style=\"color:#666666;font-family:微软雅黑;background-color:#FFFFFF;\">\r\n	<img src=\"http://officialsite.juyingzhiye.com/2016/201605271032024465670.jpg\" title=\"三大演出.jpg\" width=\"700\" height=\"854\" border=\"0\" style=\"width:700px;height:854px;\" />\r\n</p>\r\n<p style=\"color:#666666;font-family:微软雅黑;background-color:#FFFFFF;\">\r\n	<img src=\"http://officialsite.juyingzhiye.com/2016/201605271032033116165.jpg\" title=\"图形3.jpg\" width=\"700\" height=\"232\" border=\"0\" style=\"width:700px;height:232px;\" />\r\n</p>\r\n<p style=\"color:#666666;font-family:微软雅黑;background-color:#FFFFFF;\">\r\n	<img src=\"http://officialsite.juyingzhiye.com/2016/201605271032088969360.jpg\" title=\"农夫上_09.jpg\" width=\"700\" height=\"579\" border=\"0\" style=\"width:700px;height:579px;\" />\r\n</p>\r\n<p style=\"color:#666666;font-family:微软雅黑;background-color:#FFFFFF;\">\r\n	<img src=\"http://officialsite.juyingzhiye.com/2016/201605271032090509448.jpg\" title=\"农夫上_11.jpg\" width=\"700\" height=\"574\" border=\"0\" style=\"width:700px;height:574px;\" />\r\n</p>', '1');
INSERT INTO `pre_article` VALUES ('7', '东田度假酒店', '阿萨德撒打算的', null, '1485273600', '东田度假', '<p style=\"color:#666666;font-family:微软雅黑;background-color:#FFFFFF;\">\r\n	<img src=\"http://officialsite.juyingzhiye.com/2016/201605271046366085662.jpg\" title=\"DSC_0191.jpg\" width=\"700\" height=\"464\" border=\"0\" style=\"width:700px;height:464px;\" />\r\n</p>\r\n<p style=\"color:#666666;font-family:微软雅黑;background-color:#FFFFFF;\">\r\n	酒店稻香居餐厅共有十个风格各异的包厢，另设精致雅座、大堂玻璃花园餐厅。提供别具风味的农家养生菜系，四季时蔬多为园区种植，无公害、无污染，当时采摘，确保新鲜，独创菜式更是美味可口，营养丰富，是你乐享美食的绝佳场所。\r\n</p>\r\n<p style=\"color:#666666;font-family:微软雅黑;background-color:#FFFFFF;\">\r\n	<img src=\"http://officialsite.juyingzhiye.com/2016/201606030939454281508.jpg\" title=\"包厢_副本.jpg\" />\r\n</p>\r\n<p style=\"color:#666666;font-family:微软雅黑;background-color:#FFFFFF;\">\r\n	<img src=\"http://officialsite.juyingzhiye.com/2016/201606030939459921831.jpg\" title=\"pic (25)_副本.jpg\" />\r\n</p>\r\n<p style=\"color:#666666;font-family:微软雅黑;background-color:#FFFFFF;\">\r\n	<img src=\"http://officialsite.juyingzhiye.com/2016/201606030939482933147.jpg\" title=\"pic (26)_副本.jpg\" />\r\n</p>\r\n<p style=\"color:#666666;font-family:微软雅黑;background-color:#FFFFFF;\">\r\n	<img src=\"http://officialsite.juyingzhiye.com/2016/201606030939488243451.jpg\" title=\"pic (27)_副本.jpg\" />\r\n</p>\r\n<p style=\"color:#666666;font-family:微软雅黑;background-color:#FFFFFF;\">\r\n	酒店周边水域设有垂钓区及特色小木屋式的棋牌室，环境舒适、空气清新，处处散发着田园气息，您可以享受静怡的感觉，拥有更多的私人空间，度过舒怡、放松的假期。<img src=\"http://officialsite.juyingzhiye.com/2016/201606030939496473922.jpg\" title=\"pic (28)_副本.jpg\" />\r\n</p>\r\n<p style=\"color:#666666;font-family:微软雅黑;background-color:#FFFFFF;\">\r\n	35间客房宽敞明亮，装修考究，设备先进，是您修养身息的绝佳场所，可以从客房欣赏到农夫乐园里的生态农业景色。\r\n</p>\r\n<p style=\"color:#666666;font-family:微软雅黑;background-color:#FFFFFF;\">\r\n	<img src=\"http://officialsite.juyingzhiye.com/2016/201605271046348234641.JPG\" title=\"pic (31).JPG\" width=\"700\" height=\"464\" border=\"0\" style=\"width:700px;height:464px;\" />\r\n</p>\r\n<p style=\"color:#666666;font-family:微软雅黑;background-color:#FFFFFF;\">\r\n	<img src=\"http://officialsite.juyingzhiye.com/2016/201605271046382566605.JPG\" title=\"pic (30).JPG\" width=\"700\" height=\"452\" border=\"0\" style=\"width:700px;height:452px;\" />\r\n</p>\r\n<p style=\"color:#666666;font-family:微软雅黑;background-color:#FFFFFF;\">\r\n	<img src=\"http://officialsite.juyingzhiye.com/2016/201605271046404347851.JPG\" title=\"玻璃大厅.JPG\" width=\"700\" height=\"526\" border=\"0\" style=\"width:700px;height:526px;\" />\r\n</p>\r\n<p style=\"color:#666666;font-family:微软雅黑;background-color:#FFFFFF;\">\r\n	多功能会议室可容纳200人左右，设施齐全，配有灯光、音响、双投影、KTV等设备，为会议室各类活动提供了良好的环境。\r\n</p>\r\n<p style=\"color:#666666;font-family:微软雅黑;background-color:#FFFFFF;\">\r\n	餐饮部有20多个包厢，其中豪华大包厢一个。玻璃大厅+雅座可容纳300人左右同时就餐。\r\n</p>\r\n<p style=\"color:#666666;font-family:微软雅黑;background-color:#FFFFFF;\">\r\n	<strong>酒店客房及餐饮预订电话：0571-88787888/0571-88781777</strong>\r\n</p>', '1');
INSERT INTO `pre_article` VALUES ('8', '农夫乐园1月1日起即将休园', '重要通知：农夫乐园1月1日起即将休园', 'static/images/201612221152057407454.jpg', '1485446400', '重要通知', '<img src=\"http://officialsite.juyingzhiye.com/2016/201612221146095183707.jpg\" title=\"休园通知.jpg\" style=\"width:683px;height:663px;\" />', '2');
INSERT INTO `pre_article` VALUES ('9', '农夫乐园1月1日起即将休园', '重要通知：农夫乐园1月1日起即将休园', 'static/images/201612221152057407454.jpg', '1485446400', '重要通知', '<img src=\"http://officialsite.juyingzhiye.com/2016/201612221146095183707.jpg\" title=\"休园通知.jpg\" style=\"width:683px;height:663px;\" />', '2');
INSERT INTO `pre_article` VALUES ('10', '农夫乐园1月1日起即将休园', '重要通知：农夫乐园1月1日起即将休园', 'static/images/201612221152057407454.jpg', '1485446400', '重要通知', '<img src=\"http://officialsite.juyingzhiye.com/2016/201612221146095183707.jpg\" title=\"休园通知.jpg\" style=\"width:683px;height:663px;\" />', '2');
INSERT INTO `pre_article` VALUES ('11', '农夫乐园1月1日起即将休园', '重要通知：农夫乐园1月1日起即将休园', 'static/images/201612221152057407454.jpg', '1485446400', '重要通知', '<img src=\"http://officialsite.juyingzhiye.com/2016/201612221146095183707.jpg\" title=\"休园通知.jpg\" style=\"width:683px;height:663px;\" />', '2');
INSERT INTO `pre_article` VALUES ('12', '农夫乐园1月1日起即将休园', '重要通知：农夫乐园1月1日起即将休园', 'static/images/201612221152057407454.jpg', '2017', '重要通知', '<img src=\"http://officialsite.juyingzhiye.com/2016/201612221146095183707.jpg\" title=\"休园通知.jpg\" style=\"width:683px;height:663px;\" />', '2');
INSERT INTO `pre_article` VALUES ('13', '农夫乐园1月1日起即将休园', '重要通知：农夫乐园1月1日起即将休园', 'static/images/201612221152057407454.jpg', '1485446400', '重要通知', '<img src=\"http://officialsite.juyingzhiye.com/2016/201612221146095183707.jpg\" title=\"休园通知.jpg\" style=\"width:683px;height:663px;\" />', '2');
INSERT INTO `pre_article` VALUES ('14', '农夫乐园1月1日起即将休园', '重要通知：农夫乐园1月1日起即将休园', 'static/images/201612221152057407454.jpg', '1485446400', '重要通知', '<img src=\"http://officialsite.juyingzhiye.com/2016/201612221146095183707.jpg\" title=\"休园通知.jpg\" style=\"width:683px;height:663px;\" />', '2');
INSERT INTO `pre_article` VALUES ('15', '农夫乐园1月1日起即将休园', '重要通知：农夫乐园1月1日起即将休园', 'static/images/201612221152057407454.jpg', '1485446400', '重要通知', '<img src=\"http://officialsite.juyingzhiye.com/2016/201612221146095183707.jpg\" title=\"休园通知.jpg\" style=\"width:683px;height:663px;\" />', '2');
INSERT INTO `pre_article` VALUES ('16', '梦幻灯光展', '阿斯达所大撒的撒的撒的撒的发生高发的鬼地方个梵蒂冈梵蒂冈发个梵蒂冈梵蒂冈梵蒂冈水电费第三方阿斯达所大撒的撒的撒的撒的发生高发的鬼地方个梵蒂冈梵蒂冈发个梵蒂冈梵蒂冈梵蒂冈水电费第三方阿斯达所大撒的撒的撒的撒的发生高发的鬼地方个梵蒂冈梵蒂冈发个梵蒂冈梵蒂冈梵蒂冈水电费第三方阿斯达所大撒的撒的撒的撒的发生高发的鬼地方个梵蒂冈梵蒂冈发个梵蒂冈梵蒂冈梵蒂冈水电费第三方阿斯达所大撒的撒的撒的撒的发生高发的鬼地方个梵蒂冈梵蒂冈发个梵蒂冈梵蒂冈梵蒂冈水电费第三方阿斯达所大撒的撒的撒的撒的发生高发的鬼地方个梵蒂冈梵蒂冈发个梵蒂冈梵蒂冈梵蒂冈水电费第三方', 'static/images/201612221152057407454.jpg', '1484668800', '农夫乐园', '<img src=\"http://officialsite.juyingzhiye.com/2016/201607200135403819353.jpg\" alt=\"\" />', '3');
INSERT INTO `pre_article` VALUES ('17', '梦幻灯光展', '梦幻灯光展', 'static/images/201612221152057407454.jpg', '1484668800', '农夫乐园', '<img src=\"http://officialsite.juyingzhiye.com/2016/201607200135403819353.jpg\" alt=\"\" />', '3');
INSERT INTO `pre_article` VALUES ('18', '梦幻灯光展', '梦幻灯光展', 'static/images/201612221152057407454.jpg', '1484668800', '农夫乐园', '<img src=\"http://officialsite.juyingzhiye.com/2016/201607200135403819353.jpg\" alt=\"\" />', '3');
INSERT INTO `pre_article` VALUES ('19', '梦幻灯光展', '梦幻灯光展', 'static/images/201612221152057407454.jpg', '1484668800', '农夫乐园', '<img src=\"http://officialsite.juyingzhiye.com/2016/201607200135403819353.jpg\" alt=\"\" />', '3');
INSERT INTO `pre_article` VALUES ('20', '梦幻灯光展', '梦幻灯光展', 'static/images/201612221152057407454.jpg', '1484668800', '农夫乐园', '<img src=\"http://officialsite.juyingzhiye.com/2016/201607200135403819353.jpg\" alt=\"\" />', '3');
INSERT INTO `pre_article` VALUES ('21', '梦幻灯光展', '梦幻灯光展', null, '1484668800', '农夫乐园', '<img src=\"http://officialsite.juyingzhiye.com/2016/201607200135403819353.jpg\" alt=\"\" />', '3');
INSERT INTO `pre_article` VALUES ('22', '梦幻灯光展', '梦幻灯光展', null, '1484668800', '农夫乐园', '<img src=\"http://officialsite.juyingzhiye.com/2016/201607200135403819353.jpg\" alt=\"\" />', '3');
INSERT INTO `pre_article` VALUES ('23', '梦幻灯光展', '梦幻灯光展', null, '1484668800', '农夫乐园', '<img src=\"http://officialsite.juyingzhiye.com/2016/201607200135403819353.jpg\" alt=\"\" />', '3');
INSERT INTO `pre_article` VALUES ('24', '梦幻灯光展', '梦幻灯光展', null, '1484668800', '农夫乐园', '<img src=\"http://officialsite.juyingzhiye.com/2016/201607200135403819353.jpg\" alt=\"\" />', '3');
INSERT INTO `pre_article` VALUES ('25', '梦幻灯光展', '梦幻灯光展', null, '1484668800', '农夫乐园', '<img src=\"http://officialsite.juyingzhiye.com/2016/201607200135403819353.jpg\" alt=\"\" />', '3');
INSERT INTO `pre_article` VALUES ('26', '梦幻灯光展', '梦幻灯光展', null, '1484668800', '农夫乐园', '<img src=\"http://officialsite.juyingzhiye.com/2016/201607200135403819353.jpg\" alt=\"\" />', '3');
INSERT INTO `pre_article` VALUES ('27', '梦幻灯光展', '梦幻灯光展', null, '1484668800', '农夫乐园', '<img src=\"http://officialsite.juyingzhiye.com/2016/201607200135403819353.jpg\" alt=\"\" />', '3');
INSERT INTO `pre_article` VALUES ('28', '梦幻灯光展', '梦幻灯光展', null, '1484668800', '农夫乐园', '<img src=\"http://officialsite.juyingzhiye.com/2016/201607200135403819353.jpg\" alt=\"\" />', '3');
INSERT INTO `pre_article` VALUES ('29', '梦幻灯光展', '梦幻灯光展', null, '1484668800', '农夫乐园', '<img src=\"http://officialsite.juyingzhiye.com/2016/201607200135403819353.jpg\" alt=\"\" />', '3');
INSERT INTO `pre_article` VALUES ('30', '梦幻灯光展', '梦幻灯光展', null, '1484668800', '农夫乐园', '<img src=\"http://officialsite.juyingzhiye.com/2016/201607200135403819353.jpg\" alt=\"\" />', '3');
INSERT INTO `pre_article` VALUES ('31', '梦幻灯光展', '梦幻灯光展', null, '1484668800', '农夫乐园', '<img src=\"http://officialsite.juyingzhiye.com/2016/201607200135403819353.jpg\" alt=\"\" />', '3');
INSERT INTO `pre_article` VALUES ('32', '梦幻灯光展', '梦幻灯光展', null, '1484668800', '农夫乐园', '<img src=\"http://officialsite.juyingzhiye.com/2016/201607200135403819353.jpg\" alt=\"\" />', '3');
INSERT INTO `pre_article` VALUES ('33', '梦幻灯光展', '梦幻灯光展', null, '1484668800', '农夫乐园', '<img src=\"http://officialsite.juyingzhiye.com/2016/201607200135403819353.jpg\" alt=\"\" />', '3');
INSERT INTO `pre_article` VALUES ('34', '梦幻灯光展', '梦幻灯光展', null, '1484668800', '农夫乐园', '<img src=\"http://officialsite.juyingzhiye.com/2016/201607200135403819353.jpg\" alt=\"\" />', '3');
INSERT INTO `pre_article` VALUES ('35', '梦幻灯光展', '梦幻灯光展', null, '1484668800', '农夫乐园', '<img src=\"http://officialsite.juyingzhiye.com/2016/201607200135403819353.jpg\" alt=\"\" />', '3');
INSERT INTO `pre_article` VALUES ('36', '梦幻灯光展', '梦幻灯光展', null, '1484668800', '农夫乐园', '<img src=\"http://officialsite.juyingzhiye.com/2016/201607200135403819353.jpg\" alt=\"\" />', '3');
INSERT INTO `pre_article` VALUES ('37', '梦幻灯光展', '梦幻灯光展', null, '1484668800', '农夫乐园', '<img src=\"http://officialsite.juyingzhiye.com/2016/201607200135403819353.jpg\" alt=\"\" />', '3');
INSERT INTO `pre_article` VALUES ('38', '梦幻灯光展', '梦幻灯光展', null, '1484668800', '农夫乐园', '<img src=\"http://officialsite.juyingzhiye.com/2016/201607200135403819353.jpg\" alt=\"\" />', '3');
INSERT INTO `pre_article` VALUES ('39', '梦幻灯光展', '梦幻灯光展', null, '1484668800', '农夫乐园', '<img src=\"http://officialsite.juyingzhiye.com/2016/201607200135403819353.jpg\" alt=\"\" />', '3');
INSERT INTO `pre_article` VALUES ('40', '梦幻灯光展', '梦幻灯光展', null, '1484668800', '农夫乐园', '<img src=\"http://officialsite.juyingzhiye.com/2016/201607200135403819353.jpg\" alt=\"\" />', '3');
INSERT INTO `pre_article` VALUES ('41', '梦幻灯光展', '梦幻灯光展', null, '1484668800', '农夫乐园', '<img src=\"http://officialsite.juyingzhiye.com/2016/201607200135403819353.jpg\" alt=\"\" />', '3');
INSERT INTO `pre_article` VALUES ('42', '梦幻灯光展', '梦幻灯光展', null, '1484668800', '农夫乐园', '<img src=\"http://officialsite.juyingzhiye.com/2016/201607200135403819353.jpg\" alt=\"\" />', '3');
INSERT INTO `pre_article` VALUES ('43', '梦幻灯光展', '梦幻灯光展', null, '1484668800', '农夫乐园', '<img src=\"http://officialsite.juyingzhiye.com/2016/201607200135403819353.jpg\" alt=\"\" />', '3');
INSERT INTO `pre_article` VALUES ('44', '梦幻灯光展', '梦幻灯光展', null, '1484668800', '农夫乐园', '<img src=\"http://officialsite.juyingzhiye.com/2016/201607200135403819353.jpg\" alt=\"\" />', '3');
INSERT INTO `pre_article` VALUES ('45', '梦幻灯光展', '梦幻灯光展', null, '1484668800', '农夫乐园', '<img src=\"http://officialsite.juyingzhiye.com/2016/201607200135403819353.jpg\" alt=\"\" />', '3');
INSERT INTO `pre_article` VALUES ('46', '关于我们', '关于我们', 'static/images/201610281114470512541.jpg!640320', '1484150400', '关于我们', '<div class=\"intro_main_tit\" style=\"color:#333333;font-family:微软雅黑;\">\r\n	<h2 style=\"font-size:24px;font-weight:400;\">\r\n		关于我们\r\n	</h2>\r\n</div>\r\n<div class=\"intro_main_tips\" style=\"padding:25px 40px 40px;color:#333333;font-family:微软雅黑;\">\r\n	<div class=\"intro_main_essay_text\" style=\"color:#666666;\">\r\n		<p>\r\n			<span style=\"line-height:1.5em;font-family:arial, helvetica, sans-serif;font-size:16px;\">&nbsp; &nbsp; &nbsp; &nbsp; “农夫乐园是一个以文化创意为魂，以绿色环保、亲子动漫为主题，颠覆传统农业旅游形态的国家AAA级生态亲子主题旅游景区。2010年至2013年连续四届杭州西博会项目之一；2011年-2015年连续5届国际动漫节分会场，被评为中国国际动漫节最佳分会场；连续举办两届“冰雕节”；2011年开始至2015年秋季每年举办“乡村狂欢节”。<br />\r\n</span>\r\n		</p>\r\n		<p>\r\n			<span style=\"font-family:arial, helvetica, sans-serif;font-size:16px;\">&nbsp; &nbsp; &nbsp; &nbsp; &nbsp;整个景区分六大主题公园，水上主题公园、动物主题公园、爱情主题公园、休闲美食主题公园、儿童游乐主题公园、休闲度假主题公园，以创意卡通表演为核心，以休闲创意为核心，以亲子旅游为特色，多维度深层次挖掘现代农业创意旅游，打造杭州首家创意卡通农业休闲相结合的亲子旅游主题公园。</span>\r\n		</p>\r\n		<p>\r\n			<span style=\"font-family:arial, helvetica, sans-serif;font-size:16px;\">&nbsp; &nbsp; &nbsp; &nbsp; 2016年农夫乐园横向拓展项目，引进高端马术俱乐部“凯得国际马术中心”及“野狼户外”专业CS拓展团队，同时2016年动漫节期间将与《少年师爷》动画强强联合，突破传统旅游跨界整合资源，多层次多维度挖掘亲子旅游产品的同时加强成人市场影响力。</span>\r\n		</p>\r\n	</div>\r\n</div>', '4');
INSERT INTO `pre_article` VALUES ('47', '交通线路', '交通线路', 'static/images/201609251534303848285.jpg!640320', '1485100800', '交通线路', '<p style=\"color:#666666;font-family:微软雅黑;background-color:#FFFFFF;\">\r\n	<iframe class=\"ueditor_baidumap\" src=\"http://www.ajsxdsl.com/Static/ueditor/dialogs/map/show.html#center=120.068085,30.392873&amp;zoom=16&amp;width=696&amp;height=340&amp;markers=120.064277,30.390436&amp;markerStyles=l,A\" frameborder=\"0\" width=\"698\" height=\"342\">\r\n	</iframe>\r\n</p>\r\n<p style=\"color:#666666;font-family:微软雅黑;background-color:#FFFFFF;\">\r\n	<span style=\"font-size:16px;\"><strong>线路一：</strong>上塘高架→南庄兜枢纽（转入绕城高速西线）→勾庄出口→安吉方向（转入新104国道）→东西大道塘栖方向→农夫乐园</span>\r\n</p>\r\n<p style=\"color:#666666;font-family:微软雅黑;background-color:#FFFFFF;\">\r\n	<span style=\"font-size:16px;\"><strong>线路二：</strong>莫干山路→老104国道→东西大道塘栖方向→农夫乐园</span>\r\n</p>\r\n<p style=\"color:#666666;font-family:微软雅黑;background-color:#FFFFFF;\">\r\n	<span style=\"font-size:16px;\"><strong>线路三：</strong>古墩路-东西大道塘栖方向-农夫乐园</span>\r\n</p>\r\n<p style=\"color:#666666;font-family:微软雅黑;background-color:#FFFFFF;\">\r\n	<span style=\"font-size:16px;\"><strong>公交线路：</strong>乘313.348至良渚公交站下→东西大道塘栖方向→农夫乐园</span>\r\n</p>\r\n<p style=\"color:#666666;font-family:微软雅黑;background-color:#FFFFFF;\">\r\n	<span style=\"font-size:16px;\"><strong>高速线路：</strong>① 转入杭州绕城北线→勾庄出口→安吉、湖州方向→转入东西大道塘栖方向（加油站右转）→农夫乐园</span>\r\n</p>\r\n<p style=\"color:#666666;font-family:微软雅黑;background-color:#FFFFFF;\">\r\n	<span style=\"font-size:16px;\"><strong>高速线路：</strong>② 杭宁高速→良渚出口→东西大道塘栖方向→农夫乐园</span>\r\n</p>\r\n<div>\r\n	<br />\r\n</div>', '5');
INSERT INTO `pre_article` VALUES ('48', '休园通知', '', 'static/images/201604071522086287848.jpg!640320', null, null, null, '1');
INSERT INTO `pre_article` VALUES ('49', '摇头飞椅', '', 'static/images/201604070942172924671.jpg!640320', null, null, null, '1');
INSERT INTO `pre_article` VALUES ('50', '碰碰车', '', 'static/images/201603301424399421526.jpg!640320', null, null, null, '1');

-- ----------------------------
-- Table structure for pre_article_cate
-- ----------------------------
DROP TABLE IF EXISTS `pre_article_cate`;
CREATE TABLE `pre_article_cate` (
  `artcate_id` int(11) NOT NULL AUTO_INCREMENT,
  `artcate_name` varchar(150) DEFAULT NULL COMMENT '文章分类名称',
  `artcate_time` int(11) DEFAULT NULL COMMENT '添加时间',
  `artcate_img` varchar(255) DEFAULT NULL COMMENT '文章分类图片\n',
  PRIMARY KEY (`artcate_id`)
) ENGINE=MyISAM AUTO_INCREMENT=6 DEFAULT CHARSET=utf8 COMMENT='文章分类表';

-- ----------------------------
-- Records of pre_article_cate
-- ----------------------------
INSERT INTO `pre_article_cate` VALUES ('1', '景区介绍', '1483632000', null);
INSERT INTO `pre_article_cate` VALUES ('2', '景区动态', '1484755200', null);
INSERT INTO `pre_article_cate` VALUES ('3', '景区美图', '1485878400', null);
INSERT INTO `pre_article_cate` VALUES ('4', '关于我们', '1485273600', null);
INSERT INTO `pre_article_cate` VALUES ('5', '交通线路', '1484668800', null);

-- ----------------------------
-- Table structure for pre_order
-- ----------------------------
DROP TABLE IF EXISTS `pre_order`;
CREATE TABLE `pre_order` (
  `order_id` int(11) NOT NULL AUTO_INCREMENT,
  `order_sn` varchar(20) DEFAULT NULL COMMENT '订单号',
  `order_price` decimal(10,2) DEFAULT NULL COMMENT '订单价格',
  `order_time` int(11) DEFAULT NULL COMMENT '下单时间',
  `order_username` varchar(45) DEFAULT NULL COMMENT '取票人',
  `order_phone` varchar(60) DEFAULT NULL COMMENT '手机号码',
  `order_number` int(11) DEFAULT NULL COMMENT '订单数量',
  `order_date` int(11) DEFAULT NULL COMMENT '游玩日期',
  `order_state` int(11) DEFAULT NULL COMMENT '0未付款 1已完成',
  `product_id` int(11) NOT NULL COMMENT '产品表外键',
  PRIMARY KEY (`order_id`)
) ENGINE=MyISAM AUTO_INCREMENT=6 DEFAULT CHARSET=utf8 COMMENT='订单表';

-- ----------------------------
-- Records of pre_order
-- ----------------------------
INSERT INTO `pre_order` VALUES ('1', 'qbGhjvzINadf', '165.00', '1484895565', '123123', '123123123', '3', '0', '0', '1');
INSERT INTO `pre_order` VALUES ('2', 'SmnhtDPUjwoS', '110.00', '1484895602', '123123', '123123', '2', '1483891200', '0', '1');
INSERT INTO `pre_order` VALUES ('3', '', '110.00', '1491723740', 'test', '13512632234', '2', '1491667200', '14', '0');
INSERT INTO `pre_order` VALUES ('4', '4214269', '55.00', '1491723824', '123123213', '13512633442', '1', '1491667200', '0', '29');
INSERT INTO `pre_order` VALUES ('5', 'PJw5v5w6eUPq', '220.00', '1491724165', '阿斯达所大', '13512644556', '4', '1491667200', '0', '24');

-- ----------------------------
-- Table structure for pre_product
-- ----------------------------
DROP TABLE IF EXISTS `pre_product`;
CREATE TABLE `pre_product` (
  `product_id` int(11) NOT NULL AUTO_INCREMENT,
  `product_name` varchar(45) DEFAULT NULL COMMENT '产品名称',
  `product_price` decimal(10,2) DEFAULT NULL COMMENT '产品价格',
  `product_desc` text COMMENT '描述内容',
  `product_content` text COMMENT '正文内容',
  `product_time` int(11) DEFAULT NULL COMMENT '添加时间',
  `product_date` varchar(200) DEFAULT NULL COMMENT '服务日期',
  `product_address` varchar(255) DEFAULT NULL COMMENT '地址\n',
  `product_promise` text COMMENT '服务承诺',
  `product_img` varchar(255) NOT NULL,
  PRIMARY KEY (`product_id`)
) ENGINE=MyISAM AUTO_INCREMENT=34 DEFAULT CHARSET=utf8 COMMENT='产品表';

-- ----------------------------
-- Records of pre_product
-- ----------------------------
INSERT INTO `pre_product` VALUES ('1', '农夫乐园成人票', '55.00', '“农夫乐园是一个以文化创意为魂，以绿色环保、亲子动漫为主题，颠覆传统农业旅游形态的国家AAA级生态亲子主题旅游景区。2010年至2013年连续四届杭州西博会项目之一；2011年-2015年连续5届国际动漫节分会场，被评为中国国际动漫节最佳分会场；连续举办两届“冰雕节”；2011年开始至2015年秋季每年举办“乡村狂欢节”。', '<div class=\"view_box3 mt40\" style=\"color:#333333;font-family:微软雅黑;\">\r\n	<div class=\"view_box3_tit\">\r\n		<h2 class=\"f18 yhei n\" style=\"font-size:18px;font-weight:normal;\">\r\n			预订须知\r\n		</h2>\r\n	</div>\r\n	<div class=\"view_box3_text cell_bk\" style=\"padding:10px;\">\r\n		<p>\r\n			<span style=\"font-size:14px;line-height:1.75em;\">①开放时间： 9:00--16:30&nbsp;</span>\r\n		</p>\r\n		<p>\r\n			<span style=\"font-size:14px;\">②取票地点： 农夫乐园售票厅</span>\r\n		</p>\r\n		<p>\r\n			<span style=\"font-size:14px;\">③入园凭证：&nbsp;预定成功后到景区付款，取票入园（需提前两小时预定）</span>\r\n		</p>\r\n		<p>\r\n			<span style=\"font-size:14px;\">④特殊人群：<span style=\"line-height:1.75em;\"><span style=\"font-family:宋体;\">老师、军人、</span><span style=\"font-family:&quot;\">70</span><span style=\"font-family:宋体;\">周岁以上老年人、残疾、导游可凭相关证件免费入园。</span></span></span>\r\n		</p>\r\n	</div>\r\n</div>\r\n<div class=\"view_box3 mt40\" style=\"color:#333333;font-family:微软雅黑;\">\r\n	<div class=\"view_box3_tit\">\r\n		<h2 class=\"f18 yhei n\" style=\"font-size:18px;font-weight:normal;\">\r\n			景点介绍\r\n		</h2>\r\n	</div>\r\n	<div class=\"view_box3_text cell_bk\" style=\"padding:10px;\">\r\n		<p>\r\n			&nbsp; “农夫乐园是一个以文化创意为魂，以绿色环保、亲子动漫为主题，颠覆传统农业旅游形态的国家AAA级生态亲子主题旅游景区。2010年至2013年连续四届杭州西博会项目之一；2011年-2015年连续5届国际动漫节分会场，被评为中国国际动漫节最佳分会场；连续举办两届“冰雕节”；2011年开始至2015年秋季每年举办“乡村狂欢节”。\r\n		</p>\r\n		<p>\r\n			<span style=\"line-height:1.75em;\">&nbsp; &nbsp;整个景区分六大主题公园，水上主题公园、动物主题公园、爱情主题公园、休闲美食主题公园、儿童游乐主题公园、休闲度假主题公园，以创意卡通表演为核心，以休闲创意为核心，以亲子旅游为特色，多维度深层次挖掘现代农业创意旅游，打造杭州首家创意卡通农业休闲相结合的亲子旅游主题公园。</span>\r\n		</p>\r\n		<p>\r\n			<span style=\"line-height:1.75em;\">&nbsp; &nbsp;2016年农夫乐园横向拓展项目，引进高端马术俱乐部“凯得国际马术中心”及“野狼户外”专业CS拓展团队，同时2016年动漫节期间将与《少年师爷》动画强强联合，突破传统旅游跨界整合资源，多层次多维度挖掘亲子旅游产品的同时加强成人市场影响力。</span>\r\n		</p>\r\n	</div>\r\n</div>\r\n<div class=\"view_box3 mt40\" id=\"Traffic\" style=\"color:#333333;font-family:微软雅黑;\">\r\n	<div class=\"view_box3_tit\">\r\n		<h2 class=\"f18 yhei n\" style=\"font-size:18px;font-weight:normal;\">\r\n			交通指南\r\n		</h2>\r\n	</div>\r\n	<div class=\"view_box3_text cell_bk\" style=\"padding:10px;\">\r\n		<p>\r\n			<span style=\"line-height:18px;font-family:宋体;\">线路一：</span><span style=\"line-height:18px;font-family:宋体;\">上塘高架→南庄兜枢纽（转入绕城高速西线）→勾庄出口→安吉方向（转入104国道）→东西大道塘栖方向→农夫乐园</span>\r\n		</p>\r\n		<p>\r\n			<span style=\"line-height:18px;font-family:宋体;\">线路二：</span><span style=\"line-height:18px;font-family:宋体;\">莫干山路→东西大道塘栖方向→农夫乐园</span>\r\n		</p>\r\n		<p>\r\n			<span style=\"line-height:18px;font-family:宋体;\">线路三：</span><span style=\"line-height:18px;font-family:宋体;\">古墩路-东西大道塘栖方向-农夫乐园</span>\r\n		</p>\r\n		<p>\r\n			<span style=\"line-height:18px;font-family:宋体;\">公交线路：</span>\r\n		</p>\r\n		<p>\r\n			<span style=\"line-height:18px;font-family:宋体;\">乘313.348至良渚公交站下→东西大道塘栖方向（步行约105公里）→农夫乐园</span>\r\n		</p>\r\n		<p>\r\n			<span style=\"line-height:18px;font-family:宋体;\">高速线路：</span>\r\n		</p>\r\n		<p>\r\n			<span style=\"line-height:18px;font-family:宋体;\">① 转入杭州绕城北线→勾庄出口→安吉、湖州方向→转入东西大道塘栖方向（加油站右转）→农夫乐园</span>\r\n		</p>\r\n		<p>\r\n			<span style=\"line-height:18px;font-family:宋体;\">② 杭宁高速→良渚出口→东西大道塘栖方向→农夫乐园</span>\r\n		</p>\r\n		<p>\r\n			<span style=\"line-height:18px;font-family:宋体;\">（扫二维码可一键导航）</span>\r\n		</p>\r\n		<p>\r\n			<img src=\"http://officialsite.juyingzhiye.com/2016/201609251509157021936.png\" />\r\n		</p>\r\n	</div>\r\n</div>', '1484064000', '9：00-16：30', '杭州余杭区良渚街道东西大道旁', '入园保证,快速入园,随时退,贵就赔', 'static/images/201612061043473055210.jpg!182110');
INSERT INTO `pre_product` VALUES ('2', '农夫乐园成人票', '55.00', '“农夫乐园是一个以文化创意为魂，以绿色环保、亲子动漫为主题，颠覆传统农业旅游形态的国家AAA级生态亲子主题旅游景区。2010年至2013年连续四届杭州西博会项目之一；2011年-2015年连续5届国际动漫节分会场，被评为中国国际动漫节最佳分会场；连续举办两届“冰雕节”；2011年开始至2015年秋季每年举办“乡村狂欢节”。', '<div class=\"view_box3 mt40\" style=\"color:#333333;font-family:微软雅黑;\">\r\n	<div class=\"view_box3_tit\">\r\n		<h2 class=\"f18 yhei n\" style=\"font-size:18px;font-weight:normal;\">\r\n			预订须知\r\n		</h2>\r\n	</div>\r\n	<div class=\"view_box3_text cell_bk\" style=\"padding:10px;\">\r\n		<p>\r\n			<span style=\"font-size:14px;line-height:1.75em;\">①开放时间： 9:00--16:30&nbsp;</span>\r\n		</p>\r\n		<p>\r\n			<span style=\"font-size:14px;\">②取票地点： 农夫乐园售票厅</span>\r\n		</p>\r\n		<p>\r\n			<span style=\"font-size:14px;\">③入园凭证：&nbsp;预定成功后到景区付款，取票入园（需提前两小时预定）</span>\r\n		</p>\r\n		<p>\r\n			<span style=\"font-size:14px;\">④特殊人群：<span style=\"line-height:1.75em;\"><span style=\"font-family:宋体;\">老师、军人、</span><span style=\"font-family:&quot;\">70</span><span style=\"font-family:宋体;\">周岁以上老年人、残疾、导游可凭相关证件免费入园。</span></span></span>\r\n		</p>\r\n	</div>\r\n</div>\r\n<div class=\"view_box3 mt40\" style=\"color:#333333;font-family:微软雅黑;\">\r\n	<div class=\"view_box3_tit\">\r\n		<h2 class=\"f18 yhei n\" style=\"font-size:18px;font-weight:normal;\">\r\n			景点介绍\r\n		</h2>\r\n	</div>\r\n	<div class=\"view_box3_text cell_bk\" style=\"padding:10px;\">\r\n		<p>\r\n			&nbsp; “农夫乐园是一个以文化创意为魂，以绿色环保、亲子动漫为主题，颠覆传统农业旅游形态的国家AAA级生态亲子主题旅游景区。2010年至2013年连续四届杭州西博会项目之一；2011年-2015年连续5届国际动漫节分会场，被评为中国国际动漫节最佳分会场；连续举办两届“冰雕节”；2011年开始至2015年秋季每年举办“乡村狂欢节”。\r\n		</p>\r\n		<p>\r\n			<span style=\"line-height:1.75em;\">&nbsp; &nbsp;整个景区分六大主题公园，水上主题公园、动物主题公园、爱情主题公园、休闲美食主题公园、儿童游乐主题公园、休闲度假主题公园，以创意卡通表演为核心，以休闲创意为核心，以亲子旅游为特色，多维度深层次挖掘现代农业创意旅游，打造杭州首家创意卡通农业休闲相结合的亲子旅游主题公园。</span>\r\n		</p>\r\n		<p>\r\n			<span style=\"line-height:1.75em;\">&nbsp; &nbsp;2016年农夫乐园横向拓展项目，引进高端马术俱乐部“凯得国际马术中心”及“野狼户外”专业CS拓展团队，同时2016年动漫节期间将与《少年师爷》动画强强联合，突破传统旅游跨界整合资源，多层次多维度挖掘亲子旅游产品的同时加强成人市场影响力。</span>\r\n		</p>\r\n	</div>\r\n</div>\r\n<div class=\"view_box3 mt40\" id=\"Traffic\" style=\"color:#333333;font-family:微软雅黑;\">\r\n	<div class=\"view_box3_tit\">\r\n		<h2 class=\"f18 yhei n\" style=\"font-size:18px;font-weight:normal;\">\r\n			交通指南\r\n		</h2>\r\n	</div>\r\n	<div class=\"view_box3_text cell_bk\" style=\"padding:10px;\">\r\n		<p>\r\n			<span style=\"line-height:18px;font-family:宋体;\">线路一：</span><span style=\"line-height:18px;font-family:宋体;\">上塘高架→南庄兜枢纽（转入绕城高速西线）→勾庄出口→安吉方向（转入104国道）→东西大道塘栖方向→农夫乐园</span>\r\n		</p>\r\n		<p>\r\n			<span style=\"line-height:18px;font-family:宋体;\">线路二：</span><span style=\"line-height:18px;font-family:宋体;\">莫干山路→东西大道塘栖方向→农夫乐园</span>\r\n		</p>\r\n		<p>\r\n			<span style=\"line-height:18px;font-family:宋体;\">线路三：</span><span style=\"line-height:18px;font-family:宋体;\">古墩路-东西大道塘栖方向-农夫乐园</span>\r\n		</p>\r\n		<p>\r\n			<span style=\"line-height:18px;font-family:宋体;\">公交线路：</span>\r\n		</p>\r\n		<p>\r\n			<span style=\"line-height:18px;font-family:宋体;\">乘313.348至良渚公交站下→东西大道塘栖方向（步行约105公里）→农夫乐园</span>\r\n		</p>\r\n		<p>\r\n			<span style=\"line-height:18px;font-family:宋体;\">高速线路：</span>\r\n		</p>\r\n		<p>\r\n			<span style=\"line-height:18px;font-family:宋体;\">① 转入杭州绕城北线→勾庄出口→安吉、湖州方向→转入东西大道塘栖方向（加油站右转）→农夫乐园</span>\r\n		</p>\r\n		<p>\r\n			<span style=\"line-height:18px;font-family:宋体;\">② 杭宁高速→良渚出口→东西大道塘栖方向→农夫乐园</span>\r\n		</p>\r\n		<p>\r\n			<span style=\"line-height:18px;font-family:宋体;\">（扫二维码可一键导航）</span>\r\n		</p>\r\n		<p>\r\n			<img src=\"http://officialsite.juyingzhiye.com/2016/201609251509157021936.png\" />\r\n		</p>\r\n	</div>\r\n</div>', '1484064000', '9：00-16：30', '杭州余杭区良渚街道东西大道旁', '入园保证,快速入园,随时退,贵就赔', 'static/images/201612061043473055210.jpg!182110');
INSERT INTO `pre_product` VALUES ('3', '农夫乐园成人票', '55.00', '“农夫乐园是一个以文化创意为魂，以绿色环保、亲子动漫为主题，颠覆传统农业旅游形态的国家AAA级生态亲子主题旅游景区。2010年至2013年连续四届杭州西博会项目之一；2011年-2015年连续5届国际动漫节分会场，被评为中国国际动漫节最佳分会场；连续举办两届“冰雕节”；2011年开始至2015年秋季每年举办“乡村狂欢节”。', '<div class=\"view_box3 mt40\" style=\"color:#333333;font-family:微软雅黑;\"> <div class=\"view_box3_tit\"> <h2 class=\"f18 yhei n\" style=\"font-size:18px;font-weight:normal;\"> 预订须知 </h2> </div> <div class=\"view_box3_text cell_bk\" style=\"padding:10px;\"> <p> <span style=\"font-size:14px;line-height:1.75em;\">①开放时间： 9:00--16:30&nbsp;</span> </p> <p> <span style=\"font-size:14px;\">②取票地点： 农夫乐园售票厅</span> </p> <p> <span style=\"font-size:14px;\">③入园凭证：&nbsp;预定成功后到景区付款，取票入园（需提前两小时预定）</span> </p> <p> <span style=\"font-size:14px;\">④特殊人群：<span style=\"line-height:1.75em;\"><span style=\"font-family:宋体;\">老师、军人、</span><span style=\"font-family:&quot;\">70</span><span style=\"font-family:宋体;\">周岁以上老年人、残疾、导游可凭相关证件免费入园。</span></span></span> </p> </div> </div> <div class=\"view_box3 mt40\" style=\"color:#333333;font-family:微软雅黑;\"> <div class=\"view_box3_tit\"> <h2 class=\"f18 yhei n\" style=\"font-size:18px;font-weight:normal;\"> 景点介绍 </h2> </div> <div class=\"view_box3_text cell_bk\" style=\"padding:10px;\"> <p> &nbsp; “农夫乐园是一个以文化创意为魂，以绿色环保、亲子动漫为主题，颠覆传统农业旅游形态的国家AAA级生态亲子主题旅游景区。2010年至2013年连续四届杭州西博会项目之一；2011年-2015年连续5届国际动漫节分会场，被评为中国国际动漫节最佳分会场；连续举办两届“冰雕节”；2011年开始至2015年秋季每年举办“乡村狂欢节”。 </p> <p> <span style=\"line-height:1.75em;\">&nbsp; &nbsp;整个景区分六大主题公园，水上主题公园、动物主题公园、爱情主题公园、休闲美食主题公园、儿童游乐主题公园、休闲度假主题公园，以创意卡通表演为核心，以休闲创意为核心，以亲子旅游为特色，多维度深层次挖掘现代农业创意旅游，打造杭州首家创意卡通农业休闲相结合的亲子旅游主题公园。</span> </p> <p> <span style=\"line-height:1.75em;\">&nbsp; &nbsp;2016年农夫乐园横向拓展项目，引进高端马术俱乐部“凯得国际马术中心”及“野狼户外”专业CS拓展团队，同时2016年动漫节期间将与《少年师爷》动画强强联合，突破传统旅游跨界整合资源，多层次多维度挖掘亲子旅游产品的同时加强成人市场影响力。</span> </p> </div> </div> <div class=\"view_box3 mt40\" id=\"Traffic\" style=\"color:#333333;font-family:微软雅黑;\"> <div class=\"view_box3_tit\"> <h2 class=\"f18 yhei n\" style=\"font-size:18px;font-weight:normal;\"> 交通指南 </h2> </div> <div class=\"view_box3_text cell_bk\" style=\"padding:10px;\"> <p> <span style=\"line-height:18px;font-family:宋体;\">线路一：</span><span style=\"line-height:18px;font-family:宋体;\">上塘高架→南庄兜枢纽（转入绕城高速西线）→勾庄出口→安吉方向（转入104国道）→东西大道塘栖方向→农夫乐园</span> </p> <p> <span style=\"line-height:18px;font-family:宋体;\">线路二：</span><span style=\"line-height:18px;font-family:宋体;\">莫干山路→东西大道塘栖方向→农夫乐园</span> </p> <p> <span style=\"line-height:18px;font-family:宋体;\">线路三：</span><span style=\"line-height:18px;font-family:宋体;\">古墩路-东西大道塘栖方向-农夫乐园</span> </p> <p> <span style=\"line-height:18px;font-family:宋体;\">公交线路：</span> </p> <p> <span style=\"line-height:18px;font-family:宋体;\">乘313.348至良渚公交站下→东西大道塘栖方向（步行约105公里）→农夫乐园</span> </p> <p> <span style=\"line-height:18px;font-family:宋体;\">高速线路：</span> </p> <p> <span style=\"line-height:18px;font-family:宋体;\">① 转入杭州绕城北线→勾庄出口→安吉、湖州方向→转入东西大道塘栖方向（加油站右转）→农夫乐园</span> </p> <p> <span style=\"line-height:18px;font-family:宋体;\">② 杭宁高速→良渚出口→东西大道塘栖方向→农夫乐园</span> </p> <p> <span style=\"line-height:18px;font-family:宋体;\">（扫二维码可一键导航）</span> </p> <p> <img src=\"http://officialsite.juyingzhiye.com/2016/201609251509157021936.png\" /> </p> </div> </div>', '1484064000', '9：00-16：30', '杭州余杭区良渚街道东西大道旁', '入园保证,快速入园,随时退,贵就赔', 'static/images/201612061043473055210.jpg!182110');
INSERT INTO `pre_product` VALUES ('4', '农夫乐园成人票', '55.00', '“农夫乐园是一个以文化创意为魂，以绿色环保、亲子动漫为主题，颠覆传统农业旅游形态的国家AAA级生态亲子主题旅游景区。2010年至2013年连续四届杭州西博会项目之一；2011年-2015年连续5届国际动漫节分会场，被评为中国国际动漫节最佳分会场；连续举办两届“冰雕节”；2011年开始至2015年秋季每年举办“乡村狂欢节”。', '<div class=\"view_box3 mt40\" style=\"color:#333333;font-family:微软雅黑;\"> <div class=\"view_box3_tit\"> <h2 class=\"f18 yhei n\" style=\"font-size:18px;font-weight:normal;\"> 预订须知 </h2> </div> <div class=\"view_box3_text cell_bk\" style=\"padding:10px;\"> <p> <span style=\"font-size:14px;line-height:1.75em;\">①开放时间： 9:00--16:30&nbsp;</span> </p> <p> <span style=\"font-size:14px;\">②取票地点： 农夫乐园售票厅</span> </p> <p> <span style=\"font-size:14px;\">③入园凭证：&nbsp;预定成功后到景区付款，取票入园（需提前两小时预定）</span> </p> <p> <span style=\"font-size:14px;\">④特殊人群：<span style=\"line-height:1.75em;\"><span style=\"font-family:宋体;\">老师、军人、</span><span style=\"font-family:&quot;\">70</span><span style=\"font-family:宋体;\">周岁以上老年人、残疾、导游可凭相关证件免费入园。</span></span></span> </p> </div> </div> <div class=\"view_box3 mt40\" style=\"color:#333333;font-family:微软雅黑;\"> <div class=\"view_box3_tit\"> <h2 class=\"f18 yhei n\" style=\"font-size:18px;font-weight:normal;\"> 景点介绍 </h2> </div> <div class=\"view_box3_text cell_bk\" style=\"padding:10px;\"> <p> &nbsp; “农夫乐园是一个以文化创意为魂，以绿色环保、亲子动漫为主题，颠覆传统农业旅游形态的国家AAA级生态亲子主题旅游景区。2010年至2013年连续四届杭州西博会项目之一；2011年-2015年连续5届国际动漫节分会场，被评为中国国际动漫节最佳分会场；连续举办两届“冰雕节”；2011年开始至2015年秋季每年举办“乡村狂欢节”。 </p> <p> <span style=\"line-height:1.75em;\">&nbsp; &nbsp;整个景区分六大主题公园，水上主题公园、动物主题公园、爱情主题公园、休闲美食主题公园、儿童游乐主题公园、休闲度假主题公园，以创意卡通表演为核心，以休闲创意为核心，以亲子旅游为特色，多维度深层次挖掘现代农业创意旅游，打造杭州首家创意卡通农业休闲相结合的亲子旅游主题公园。</span> </p> <p> <span style=\"line-height:1.75em;\">&nbsp; &nbsp;2016年农夫乐园横向拓展项目，引进高端马术俱乐部“凯得国际马术中心”及“野狼户外”专业CS拓展团队，同时2016年动漫节期间将与《少年师爷》动画强强联合，突破传统旅游跨界整合资源，多层次多维度挖掘亲子旅游产品的同时加强成人市场影响力。</span> </p> </div> </div> <div class=\"view_box3 mt40\" id=\"Traffic\" style=\"color:#333333;font-family:微软雅黑;\"> <div class=\"view_box3_tit\"> <h2 class=\"f18 yhei n\" style=\"font-size:18px;font-weight:normal;\"> 交通指南 </h2> </div> <div class=\"view_box3_text cell_bk\" style=\"padding:10px;\"> <p> <span style=\"line-height:18px;font-family:宋体;\">线路一：</span><span style=\"line-height:18px;font-family:宋体;\">上塘高架→南庄兜枢纽（转入绕城高速西线）→勾庄出口→安吉方向（转入104国道）→东西大道塘栖方向→农夫乐园</span> </p> <p> <span style=\"line-height:18px;font-family:宋体;\">线路二：</span><span style=\"line-height:18px;font-family:宋体;\">莫干山路→东西大道塘栖方向→农夫乐园</span> </p> <p> <span style=\"line-height:18px;font-family:宋体;\">线路三：</span><span style=\"line-height:18px;font-family:宋体;\">古墩路-东西大道塘栖方向-农夫乐园</span> </p> <p> <span style=\"line-height:18px;font-family:宋体;\">公交线路：</span> </p> <p> <span style=\"line-height:18px;font-family:宋体;\">乘313.348至良渚公交站下→东西大道塘栖方向（步行约105公里）→农夫乐园</span> </p> <p> <span style=\"line-height:18px;font-family:宋体;\">高速线路：</span> </p> <p> <span style=\"line-height:18px;font-family:宋体;\">① 转入杭州绕城北线→勾庄出口→安吉、湖州方向→转入东西大道塘栖方向（加油站右转）→农夫乐园</span> </p> <p> <span style=\"line-height:18px;font-family:宋体;\">② 杭宁高速→良渚出口→东西大道塘栖方向→农夫乐园</span> </p> <p> <span style=\"line-height:18px;font-family:宋体;\">（扫二维码可一键导航）</span> </p> <p> <img src=\"http://officialsite.juyingzhiye.com/2016/201609251509157021936.png\" /> </p> </div> </div>', '1484064000', '9：00-16：30', '杭州余杭区良渚街道东西大道旁', '入园保证,快速入园,随时退,贵就赔', 'static/images/201612061043473055210.jpg!182110');
INSERT INTO `pre_product` VALUES ('5', '农夫乐园成人票', '55.00', '“农夫乐园是一个以文化创意为魂，以绿色环保、亲子动漫为主题，颠覆传统农业旅游形态的国家AAA级生态亲子主题旅游景区。2010年至2013年连续四届杭州西博会项目之一；2011年-2015年连续5届国际动漫节分会场，被评为中国国际动漫节最佳分会场；连续举办两届“冰雕节”；2011年开始至2015年秋季每年举办“乡村狂欢节”。', '<div class=\"view_box3 mt40\" style=\"color:#333333;font-family:微软雅黑;\"> <div class=\"view_box3_tit\"> <h2 class=\"f18 yhei n\" style=\"font-size:18px;font-weight:normal;\"> 预订须知 </h2> </div> <div class=\"view_box3_text cell_bk\" style=\"padding:10px;\"> <p> <span style=\"font-size:14px;line-height:1.75em;\">①开放时间： 9:00--16:30&nbsp;</span> </p> <p> <span style=\"font-size:14px;\">②取票地点： 农夫乐园售票厅</span> </p> <p> <span style=\"font-size:14px;\">③入园凭证：&nbsp;预定成功后到景区付款，取票入园（需提前两小时预定）</span> </p> <p> <span style=\"font-size:14px;\">④特殊人群：<span style=\"line-height:1.75em;\"><span style=\"font-family:宋体;\">老师、军人、</span><span style=\"font-family:&quot;\">70</span><span style=\"font-family:宋体;\">周岁以上老年人、残疾、导游可凭相关证件免费入园。</span></span></span> </p> </div> </div> <div class=\"view_box3 mt40\" style=\"color:#333333;font-family:微软雅黑;\"> <div class=\"view_box3_tit\"> <h2 class=\"f18 yhei n\" style=\"font-size:18px;font-weight:normal;\"> 景点介绍 </h2> </div> <div class=\"view_box3_text cell_bk\" style=\"padding:10px;\"> <p> &nbsp; “农夫乐园是一个以文化创意为魂，以绿色环保、亲子动漫为主题，颠覆传统农业旅游形态的国家AAA级生态亲子主题旅游景区。2010年至2013年连续四届杭州西博会项目之一；2011年-2015年连续5届国际动漫节分会场，被评为中国国际动漫节最佳分会场；连续举办两届“冰雕节”；2011年开始至2015年秋季每年举办“乡村狂欢节”。 </p> <p> <span style=\"line-height:1.75em;\">&nbsp; &nbsp;整个景区分六大主题公园，水上主题公园、动物主题公园、爱情主题公园、休闲美食主题公园、儿童游乐主题公园、休闲度假主题公园，以创意卡通表演为核心，以休闲创意为核心，以亲子旅游为特色，多维度深层次挖掘现代农业创意旅游，打造杭州首家创意卡通农业休闲相结合的亲子旅游主题公园。</span> </p> <p> <span style=\"line-height:1.75em;\">&nbsp; &nbsp;2016年农夫乐园横向拓展项目，引进高端马术俱乐部“凯得国际马术中心”及“野狼户外”专业CS拓展团队，同时2016年动漫节期间将与《少年师爷》动画强强联合，突破传统旅游跨界整合资源，多层次多维度挖掘亲子旅游产品的同时加强成人市场影响力。</span> </p> </div> </div> <div class=\"view_box3 mt40\" id=\"Traffic\" style=\"color:#333333;font-family:微软雅黑;\"> <div class=\"view_box3_tit\"> <h2 class=\"f18 yhei n\" style=\"font-size:18px;font-weight:normal;\"> 交通指南 </h2> </div> <div class=\"view_box3_text cell_bk\" style=\"padding:10px;\"> <p> <span style=\"line-height:18px;font-family:宋体;\">线路一：</span><span style=\"line-height:18px;font-family:宋体;\">上塘高架→南庄兜枢纽（转入绕城高速西线）→勾庄出口→安吉方向（转入104国道）→东西大道塘栖方向→农夫乐园</span> </p> <p> <span style=\"line-height:18px;font-family:宋体;\">线路二：</span><span style=\"line-height:18px;font-family:宋体;\">莫干山路→东西大道塘栖方向→农夫乐园</span> </p> <p> <span style=\"line-height:18px;font-family:宋体;\">线路三：</span><span style=\"line-height:18px;font-family:宋体;\">古墩路-东西大道塘栖方向-农夫乐园</span> </p> <p> <span style=\"line-height:18px;font-family:宋体;\">公交线路：</span> </p> <p> <span style=\"line-height:18px;font-family:宋体;\">乘313.348至良渚公交站下→东西大道塘栖方向（步行约105公里）→农夫乐园</span> </p> <p> <span style=\"line-height:18px;font-family:宋体;\">高速线路：</span> </p> <p> <span style=\"line-height:18px;font-family:宋体;\">① 转入杭州绕城北线→勾庄出口→安吉、湖州方向→转入东西大道塘栖方向（加油站右转）→农夫乐园</span> </p> <p> <span style=\"line-height:18px;font-family:宋体;\">② 杭宁高速→良渚出口→东西大道塘栖方向→农夫乐园</span> </p> <p> <span style=\"line-height:18px;font-family:宋体;\">（扫二维码可一键导航）</span> </p> <p> <img src=\"http://officialsite.juyingzhiye.com/2016/201609251509157021936.png\" /> </p> </div> </div>', '1484064000', '9：00-16：30', '杭州余杭区良渚街道东西大道旁', '入园保证,快速入园,随时退,贵就赔', 'static/images/201612061043473055210.jpg!182110');
INSERT INTO `pre_product` VALUES ('6', '农夫乐园成人票', '55.00', '“农夫乐园是一个以文化创意为魂，以绿色环保、亲子动漫为主题，颠覆传统农业旅游形态的国家AAA级生态亲子主题旅游景区。2010年至2013年连续四届杭州西博会项目之一；2011年-2015年连续5届国际动漫节分会场，被评为中国国际动漫节最佳分会场；连续举办两届“冰雕节”；2011年开始至2015年秋季每年举办“乡村狂欢节”。', '<div class=\"view_box3 mt40\" style=\"color:#333333;font-family:微软雅黑;\"> <div class=\"view_box3_tit\"> <h2 class=\"f18 yhei n\" style=\"font-size:18px;font-weight:normal;\"> 预订须知 </h2> </div> <div class=\"view_box3_text cell_bk\" style=\"padding:10px;\"> <p> <span style=\"font-size:14px;line-height:1.75em;\">①开放时间： 9:00--16:30&nbsp;</span> </p> <p> <span style=\"font-size:14px;\">②取票地点： 农夫乐园售票厅</span> </p> <p> <span style=\"font-size:14px;\">③入园凭证：&nbsp;预定成功后到景区付款，取票入园（需提前两小时预定）</span> </p> <p> <span style=\"font-size:14px;\">④特殊人群：<span style=\"line-height:1.75em;\"><span style=\"font-family:宋体;\">老师、军人、</span><span style=\"font-family:&quot;\">70</span><span style=\"font-family:宋体;\">周岁以上老年人、残疾、导游可凭相关证件免费入园。</span></span></span> </p> </div> </div> <div class=\"view_box3 mt40\" style=\"color:#333333;font-family:微软雅黑;\"> <div class=\"view_box3_tit\"> <h2 class=\"f18 yhei n\" style=\"font-size:18px;font-weight:normal;\"> 景点介绍 </h2> </div> <div class=\"view_box3_text cell_bk\" style=\"padding:10px;\"> <p> &nbsp; “农夫乐园是一个以文化创意为魂，以绿色环保、亲子动漫为主题，颠覆传统农业旅游形态的国家AAA级生态亲子主题旅游景区。2010年至2013年连续四届杭州西博会项目之一；2011年-2015年连续5届国际动漫节分会场，被评为中国国际动漫节最佳分会场；连续举办两届“冰雕节”；2011年开始至2015年秋季每年举办“乡村狂欢节”。 </p> <p> <span style=\"line-height:1.75em;\">&nbsp; &nbsp;整个景区分六大主题公园，水上主题公园、动物主题公园、爱情主题公园、休闲美食主题公园、儿童游乐主题公园、休闲度假主题公园，以创意卡通表演为核心，以休闲创意为核心，以亲子旅游为特色，多维度深层次挖掘现代农业创意旅游，打造杭州首家创意卡通农业休闲相结合的亲子旅游主题公园。</span> </p> <p> <span style=\"line-height:1.75em;\">&nbsp; &nbsp;2016年农夫乐园横向拓展项目，引进高端马术俱乐部“凯得国际马术中心”及“野狼户外”专业CS拓展团队，同时2016年动漫节期间将与《少年师爷》动画强强联合，突破传统旅游跨界整合资源，多层次多维度挖掘亲子旅游产品的同时加强成人市场影响力。</span> </p> </div> </div> <div class=\"view_box3 mt40\" id=\"Traffic\" style=\"color:#333333;font-family:微软雅黑;\"> <div class=\"view_box3_tit\"> <h2 class=\"f18 yhei n\" style=\"font-size:18px;font-weight:normal;\"> 交通指南 </h2> </div> <div class=\"view_box3_text cell_bk\" style=\"padding:10px;\"> <p> <span style=\"line-height:18px;font-family:宋体;\">线路一：</span><span style=\"line-height:18px;font-family:宋体;\">上塘高架→南庄兜枢纽（转入绕城高速西线）→勾庄出口→安吉方向（转入104国道）→东西大道塘栖方向→农夫乐园</span> </p> <p> <span style=\"line-height:18px;font-family:宋体;\">线路二：</span><span style=\"line-height:18px;font-family:宋体;\">莫干山路→东西大道塘栖方向→农夫乐园</span> </p> <p> <span style=\"line-height:18px;font-family:宋体;\">线路三：</span><span style=\"line-height:18px;font-family:宋体;\">古墩路-东西大道塘栖方向-农夫乐园</span> </p> <p> <span style=\"line-height:18px;font-family:宋体;\">公交线路：</span> </p> <p> <span style=\"line-height:18px;font-family:宋体;\">乘313.348至良渚公交站下→东西大道塘栖方向（步行约105公里）→农夫乐园</span> </p> <p> <span style=\"line-height:18px;font-family:宋体;\">高速线路：</span> </p> <p> <span style=\"line-height:18px;font-family:宋体;\">① 转入杭州绕城北线→勾庄出口→安吉、湖州方向→转入东西大道塘栖方向（加油站右转）→农夫乐园</span> </p> <p> <span style=\"line-height:18px;font-family:宋体;\">② 杭宁高速→良渚出口→东西大道塘栖方向→农夫乐园</span> </p> <p> <span style=\"line-height:18px;font-family:宋体;\">（扫二维码可一键导航）</span> </p> <p> <img src=\"http://officialsite.juyingzhiye.com/2016/201609251509157021936.png\" /> </p> </div> </div>', '1484064000', '9：00-16：30', '杭州余杭区良渚街道东西大道旁', '入园保证,快速入园,随时退,贵就赔', 'static/images/201612061043473055210.jpg!182110');
INSERT INTO `pre_product` VALUES ('7', '农夫乐园成人票', '55.00', '“农夫乐园是一个以文化创意为魂，以绿色环保、亲子动漫为主题，颠覆传统农业旅游形态的国家AAA级生态亲子主题旅游景区。2010年至2013年连续四届杭州西博会项目之一；2011年-2015年连续5届国际动漫节分会场，被评为中国国际动漫节最佳分会场；连续举办两届“冰雕节”；2011年开始至2015年秋季每年举办“乡村狂欢节”。', '<div class=\"view_box3 mt40\" style=\"color:#333333;font-family:微软雅黑;\"> <div class=\"view_box3_tit\"> <h2 class=\"f18 yhei n\" style=\"font-size:18px;font-weight:normal;\"> 预订须知 </h2> </div> <div class=\"view_box3_text cell_bk\" style=\"padding:10px;\"> <p> <span style=\"font-size:14px;line-height:1.75em;\">①开放时间： 9:00--16:30&nbsp;</span> </p> <p> <span style=\"font-size:14px;\">②取票地点： 农夫乐园售票厅</span> </p> <p> <span style=\"font-size:14px;\">③入园凭证：&nbsp;预定成功后到景区付款，取票入园（需提前两小时预定）</span> </p> <p> <span style=\"font-size:14px;\">④特殊人群：<span style=\"line-height:1.75em;\"><span style=\"font-family:宋体;\">老师、军人、</span><span style=\"font-family:&quot;\">70</span><span style=\"font-family:宋体;\">周岁以上老年人、残疾、导游可凭相关证件免费入园。</span></span></span> </p> </div> </div> <div class=\"view_box3 mt40\" style=\"color:#333333;font-family:微软雅黑;\"> <div class=\"view_box3_tit\"> <h2 class=\"f18 yhei n\" style=\"font-size:18px;font-weight:normal;\"> 景点介绍 </h2> </div> <div class=\"view_box3_text cell_bk\" style=\"padding:10px;\"> <p> &nbsp; “农夫乐园是一个以文化创意为魂，以绿色环保、亲子动漫为主题，颠覆传统农业旅游形态的国家AAA级生态亲子主题旅游景区。2010年至2013年连续四届杭州西博会项目之一；2011年-2015年连续5届国际动漫节分会场，被评为中国国际动漫节最佳分会场；连续举办两届“冰雕节”；2011年开始至2015年秋季每年举办“乡村狂欢节”。 </p> <p> <span style=\"line-height:1.75em;\">&nbsp; &nbsp;整个景区分六大主题公园，水上主题公园、动物主题公园、爱情主题公园、休闲美食主题公园、儿童游乐主题公园、休闲度假主题公园，以创意卡通表演为核心，以休闲创意为核心，以亲子旅游为特色，多维度深层次挖掘现代农业创意旅游，打造杭州首家创意卡通农业休闲相结合的亲子旅游主题公园。</span> </p> <p> <span style=\"line-height:1.75em;\">&nbsp; &nbsp;2016年农夫乐园横向拓展项目，引进高端马术俱乐部“凯得国际马术中心”及“野狼户外”专业CS拓展团队，同时2016年动漫节期间将与《少年师爷》动画强强联合，突破传统旅游跨界整合资源，多层次多维度挖掘亲子旅游产品的同时加强成人市场影响力。</span> </p> </div> </div> <div class=\"view_box3 mt40\" id=\"Traffic\" style=\"color:#333333;font-family:微软雅黑;\"> <div class=\"view_box3_tit\"> <h2 class=\"f18 yhei n\" style=\"font-size:18px;font-weight:normal;\"> 交通指南 </h2> </div> <div class=\"view_box3_text cell_bk\" style=\"padding:10px;\"> <p> <span style=\"line-height:18px;font-family:宋体;\">线路一：</span><span style=\"line-height:18px;font-family:宋体;\">上塘高架→南庄兜枢纽（转入绕城高速西线）→勾庄出口→安吉方向（转入104国道）→东西大道塘栖方向→农夫乐园</span> </p> <p> <span style=\"line-height:18px;font-family:宋体;\">线路二：</span><span style=\"line-height:18px;font-family:宋体;\">莫干山路→东西大道塘栖方向→农夫乐园</span> </p> <p> <span style=\"line-height:18px;font-family:宋体;\">线路三：</span><span style=\"line-height:18px;font-family:宋体;\">古墩路-东西大道塘栖方向-农夫乐园</span> </p> <p> <span style=\"line-height:18px;font-family:宋体;\">公交线路：</span> </p> <p> <span style=\"line-height:18px;font-family:宋体;\">乘313.348至良渚公交站下→东西大道塘栖方向（步行约105公里）→农夫乐园</span> </p> <p> <span style=\"line-height:18px;font-family:宋体;\">高速线路：</span> </p> <p> <span style=\"line-height:18px;font-family:宋体;\">① 转入杭州绕城北线→勾庄出口→安吉、湖州方向→转入东西大道塘栖方向（加油站右转）→农夫乐园</span> </p> <p> <span style=\"line-height:18px;font-family:宋体;\">② 杭宁高速→良渚出口→东西大道塘栖方向→农夫乐园</span> </p> <p> <span style=\"line-height:18px;font-family:宋体;\">（扫二维码可一键导航）</span> </p> <p> <img src=\"http://officialsite.juyingzhiye.com/2016/201609251509157021936.png\" /> </p> </div> </div>', '1484064000', '9：00-16：30', '杭州余杭区良渚街道东西大道旁', '入园保证,快速入园,随时退,贵就赔', 'static/images/201612061043473055210.jpg!182110');
INSERT INTO `pre_product` VALUES ('8', '农夫乐园成人票', '55.00', '“农夫乐园是一个以文化创意为魂，以绿色环保、亲子动漫为主题，颠覆传统农业旅游形态的国家AAA级生态亲子主题旅游景区。2010年至2013年连续四届杭州西博会项目之一；2011年-2015年连续5届国际动漫节分会场，被评为中国国际动漫节最佳分会场；连续举办两届“冰雕节”；2011年开始至2015年秋季每年举办“乡村狂欢节”。', '<div class=\"view_box3 mt40\" style=\"color:#333333;font-family:微软雅黑;\"> <div class=\"view_box3_tit\"> <h2 class=\"f18 yhei n\" style=\"font-size:18px;font-weight:normal;\"> 预订须知 </h2> </div> <div class=\"view_box3_text cell_bk\" style=\"padding:10px;\"> <p> <span style=\"font-size:14px;line-height:1.75em;\">①开放时间： 9:00--16:30&nbsp;</span> </p> <p> <span style=\"font-size:14px;\">②取票地点： 农夫乐园售票厅</span> </p> <p> <span style=\"font-size:14px;\">③入园凭证：&nbsp;预定成功后到景区付款，取票入园（需提前两小时预定）</span> </p> <p> <span style=\"font-size:14px;\">④特殊人群：<span style=\"line-height:1.75em;\"><span style=\"font-family:宋体;\">老师、军人、</span><span style=\"font-family:&quot;\">70</span><span style=\"font-family:宋体;\">周岁以上老年人、残疾、导游可凭相关证件免费入园。</span></span></span> </p> </div> </div> <div class=\"view_box3 mt40\" style=\"color:#333333;font-family:微软雅黑;\"> <div class=\"view_box3_tit\"> <h2 class=\"f18 yhei n\" style=\"font-size:18px;font-weight:normal;\"> 景点介绍 </h2> </div> <div class=\"view_box3_text cell_bk\" style=\"padding:10px;\"> <p> &nbsp; “农夫乐园是一个以文化创意为魂，以绿色环保、亲子动漫为主题，颠覆传统农业旅游形态的国家AAA级生态亲子主题旅游景区。2010年至2013年连续四届杭州西博会项目之一；2011年-2015年连续5届国际动漫节分会场，被评为中国国际动漫节最佳分会场；连续举办两届“冰雕节”；2011年开始至2015年秋季每年举办“乡村狂欢节”。 </p> <p> <span style=\"line-height:1.75em;\">&nbsp; &nbsp;整个景区分六大主题公园，水上主题公园、动物主题公园、爱情主题公园、休闲美食主题公园、儿童游乐主题公园、休闲度假主题公园，以创意卡通表演为核心，以休闲创意为核心，以亲子旅游为特色，多维度深层次挖掘现代农业创意旅游，打造杭州首家创意卡通农业休闲相结合的亲子旅游主题公园。</span> </p> <p> <span style=\"line-height:1.75em;\">&nbsp; &nbsp;2016年农夫乐园横向拓展项目，引进高端马术俱乐部“凯得国际马术中心”及“野狼户外”专业CS拓展团队，同时2016年动漫节期间将与《少年师爷》动画强强联合，突破传统旅游跨界整合资源，多层次多维度挖掘亲子旅游产品的同时加强成人市场影响力。</span> </p> </div> </div> <div class=\"view_box3 mt40\" id=\"Traffic\" style=\"color:#333333;font-family:微软雅黑;\"> <div class=\"view_box3_tit\"> <h2 class=\"f18 yhei n\" style=\"font-size:18px;font-weight:normal;\"> 交通指南 </h2> </div> <div class=\"view_box3_text cell_bk\" style=\"padding:10px;\"> <p> <span style=\"line-height:18px;font-family:宋体;\">线路一：</span><span style=\"line-height:18px;font-family:宋体;\">上塘高架→南庄兜枢纽（转入绕城高速西线）→勾庄出口→安吉方向（转入104国道）→东西大道塘栖方向→农夫乐园</span> </p> <p> <span style=\"line-height:18px;font-family:宋体;\">线路二：</span><span style=\"line-height:18px;font-family:宋体;\">莫干山路→东西大道塘栖方向→农夫乐园</span> </p> <p> <span style=\"line-height:18px;font-family:宋体;\">线路三：</span><span style=\"line-height:18px;font-family:宋体;\">古墩路-东西大道塘栖方向-农夫乐园</span> </p> <p> <span style=\"line-height:18px;font-family:宋体;\">公交线路：</span> </p> <p> <span style=\"line-height:18px;font-family:宋体;\">乘313.348至良渚公交站下→东西大道塘栖方向（步行约105公里）→农夫乐园</span> </p> <p> <span style=\"line-height:18px;font-family:宋体;\">高速线路：</span> </p> <p> <span style=\"line-height:18px;font-family:宋体;\">① 转入杭州绕城北线→勾庄出口→安吉、湖州方向→转入东西大道塘栖方向（加油站右转）→农夫乐园</span> </p> <p> <span style=\"line-height:18px;font-family:宋体;\">② 杭宁高速→良渚出口→东西大道塘栖方向→农夫乐园</span> </p> <p> <span style=\"line-height:18px;font-family:宋体;\">（扫二维码可一键导航）</span> </p> <p> <img src=\"http://officialsite.juyingzhiye.com/2016/201609251509157021936.png\" /> </p> </div> </div>', '1484064000', '9：00-16：30', '杭州余杭区良渚街道东西大道旁', '入园保证,快速入园,随时退,贵就赔', 'static/images/201612061043473055210.jpg!182110');
INSERT INTO `pre_product` VALUES ('9', '农夫乐园成人票', '55.00', '“农夫乐园是一个以文化创意为魂，以绿色环保、亲子动漫为主题，颠覆传统农业旅游形态的国家AAA级生态亲子主题旅游景区。2010年至2013年连续四届杭州西博会项目之一；2011年-2015年连续5届国际动漫节分会场，被评为中国国际动漫节最佳分会场；连续举办两届“冰雕节”；2011年开始至2015年秋季每年举办“乡村狂欢节”。', '<div class=\"view_box3 mt40\" style=\"color:#333333;font-family:微软雅黑;\"> <div class=\"view_box3_tit\"> <h2 class=\"f18 yhei n\" style=\"font-size:18px;font-weight:normal;\"> 预订须知 </h2> </div> <div class=\"view_box3_text cell_bk\" style=\"padding:10px;\"> <p> <span style=\"font-size:14px;line-height:1.75em;\">①开放时间： 9:00--16:30&nbsp;</span> </p> <p> <span style=\"font-size:14px;\">②取票地点： 农夫乐园售票厅</span> </p> <p> <span style=\"font-size:14px;\">③入园凭证：&nbsp;预定成功后到景区付款，取票入园（需提前两小时预定）</span> </p> <p> <span style=\"font-size:14px;\">④特殊人群：<span style=\"line-height:1.75em;\"><span style=\"font-family:宋体;\">老师、军人、</span><span style=\"font-family:&quot;\">70</span><span style=\"font-family:宋体;\">周岁以上老年人、残疾、导游可凭相关证件免费入园。</span></span></span> </p> </div> </div> <div class=\"view_box3 mt40\" style=\"color:#333333;font-family:微软雅黑;\"> <div class=\"view_box3_tit\"> <h2 class=\"f18 yhei n\" style=\"font-size:18px;font-weight:normal;\"> 景点介绍 </h2> </div> <div class=\"view_box3_text cell_bk\" style=\"padding:10px;\"> <p> &nbsp; “农夫乐园是一个以文化创意为魂，以绿色环保、亲子动漫为主题，颠覆传统农业旅游形态的国家AAA级生态亲子主题旅游景区。2010年至2013年连续四届杭州西博会项目之一；2011年-2015年连续5届国际动漫节分会场，被评为中国国际动漫节最佳分会场；连续举办两届“冰雕节”；2011年开始至2015年秋季每年举办“乡村狂欢节”。 </p> <p> <span style=\"line-height:1.75em;\">&nbsp; &nbsp;整个景区分六大主题公园，水上主题公园、动物主题公园、爱情主题公园、休闲美食主题公园、儿童游乐主题公园、休闲度假主题公园，以创意卡通表演为核心，以休闲创意为核心，以亲子旅游为特色，多维度深层次挖掘现代农业创意旅游，打造杭州首家创意卡通农业休闲相结合的亲子旅游主题公园。</span> </p> <p> <span style=\"line-height:1.75em;\">&nbsp; &nbsp;2016年农夫乐园横向拓展项目，引进高端马术俱乐部“凯得国际马术中心”及“野狼户外”专业CS拓展团队，同时2016年动漫节期间将与《少年师爷》动画强强联合，突破传统旅游跨界整合资源，多层次多维度挖掘亲子旅游产品的同时加强成人市场影响力。</span> </p> </div> </div> <div class=\"view_box3 mt40\" id=\"Traffic\" style=\"color:#333333;font-family:微软雅黑;\"> <div class=\"view_box3_tit\"> <h2 class=\"f18 yhei n\" style=\"font-size:18px;font-weight:normal;\"> 交通指南 </h2> </div> <div class=\"view_box3_text cell_bk\" style=\"padding:10px;\"> <p> <span style=\"line-height:18px;font-family:宋体;\">线路一：</span><span style=\"line-height:18px;font-family:宋体;\">上塘高架→南庄兜枢纽（转入绕城高速西线）→勾庄出口→安吉方向（转入104国道）→东西大道塘栖方向→农夫乐园</span> </p> <p> <span style=\"line-height:18px;font-family:宋体;\">线路二：</span><span style=\"line-height:18px;font-family:宋体;\">莫干山路→东西大道塘栖方向→农夫乐园</span> </p> <p> <span style=\"line-height:18px;font-family:宋体;\">线路三：</span><span style=\"line-height:18px;font-family:宋体;\">古墩路-东西大道塘栖方向-农夫乐园</span> </p> <p> <span style=\"line-height:18px;font-family:宋体;\">公交线路：</span> </p> <p> <span style=\"line-height:18px;font-family:宋体;\">乘313.348至良渚公交站下→东西大道塘栖方向（步行约105公里）→农夫乐园</span> </p> <p> <span style=\"line-height:18px;font-family:宋体;\">高速线路：</span> </p> <p> <span style=\"line-height:18px;font-family:宋体;\">① 转入杭州绕城北线→勾庄出口→安吉、湖州方向→转入东西大道塘栖方向（加油站右转）→农夫乐园</span> </p> <p> <span style=\"line-height:18px;font-family:宋体;\">② 杭宁高速→良渚出口→东西大道塘栖方向→农夫乐园</span> </p> <p> <span style=\"line-height:18px;font-family:宋体;\">（扫二维码可一键导航）</span> </p> <p> <img src=\"http://officialsite.juyingzhiye.com/2016/201609251509157021936.png\" /> </p> </div> </div>', '1484064000', '9：00-16：30', '杭州余杭区良渚街道东西大道旁', '入园保证,快速入园,随时退,贵就赔', 'static/images/201612061043473055210.jpg!182110');
INSERT INTO `pre_product` VALUES ('10', '农夫乐园成人票', '55.00', '“农夫乐园是一个以文化创意为魂，以绿色环保、亲子动漫为主题，颠覆传统农业旅游形态的国家AAA级生态亲子主题旅游景区。2010年至2013年连续四届杭州西博会项目之一；2011年-2015年连续5届国际动漫节分会场，被评为中国国际动漫节最佳分会场；连续举办两届“冰雕节”；2011年开始至2015年秋季每年举办“乡村狂欢节”。', '<div class=\"view_box3 mt40\" style=\"color:#333333;font-family:微软雅黑;\"> <div class=\"view_box3_tit\"> <h2 class=\"f18 yhei n\" style=\"font-size:18px;font-weight:normal;\"> 预订须知 </h2> </div> <div class=\"view_box3_text cell_bk\" style=\"padding:10px;\"> <p> <span style=\"font-size:14px;line-height:1.75em;\">①开放时间： 9:00--16:30&nbsp;</span> </p> <p> <span style=\"font-size:14px;\">②取票地点： 农夫乐园售票厅</span> </p> <p> <span style=\"font-size:14px;\">③入园凭证：&nbsp;预定成功后到景区付款，取票入园（需提前两小时预定）</span> </p> <p> <span style=\"font-size:14px;\">④特殊人群：<span style=\"line-height:1.75em;\"><span style=\"font-family:宋体;\">老师、军人、</span><span style=\"font-family:&quot;\">70</span><span style=\"font-family:宋体;\">周岁以上老年人、残疾、导游可凭相关证件免费入园。</span></span></span> </p> </div> </div> <div class=\"view_box3 mt40\" style=\"color:#333333;font-family:微软雅黑;\"> <div class=\"view_box3_tit\"> <h2 class=\"f18 yhei n\" style=\"font-size:18px;font-weight:normal;\"> 景点介绍 </h2> </div> <div class=\"view_box3_text cell_bk\" style=\"padding:10px;\"> <p> &nbsp; “农夫乐园是一个以文化创意为魂，以绿色环保、亲子动漫为主题，颠覆传统农业旅游形态的国家AAA级生态亲子主题旅游景区。2010年至2013年连续四届杭州西博会项目之一；2011年-2015年连续5届国际动漫节分会场，被评为中国国际动漫节最佳分会场；连续举办两届“冰雕节”；2011年开始至2015年秋季每年举办“乡村狂欢节”。 </p> <p> <span style=\"line-height:1.75em;\">&nbsp; &nbsp;整个景区分六大主题公园，水上主题公园、动物主题公园、爱情主题公园、休闲美食主题公园、儿童游乐主题公园、休闲度假主题公园，以创意卡通表演为核心，以休闲创意为核心，以亲子旅游为特色，多维度深层次挖掘现代农业创意旅游，打造杭州首家创意卡通农业休闲相结合的亲子旅游主题公园。</span> </p> <p> <span style=\"line-height:1.75em;\">&nbsp; &nbsp;2016年农夫乐园横向拓展项目，引进高端马术俱乐部“凯得国际马术中心”及“野狼户外”专业CS拓展团队，同时2016年动漫节期间将与《少年师爷》动画强强联合，突破传统旅游跨界整合资源，多层次多维度挖掘亲子旅游产品的同时加强成人市场影响力。</span> </p> </div> </div> <div class=\"view_box3 mt40\" id=\"Traffic\" style=\"color:#333333;font-family:微软雅黑;\"> <div class=\"view_box3_tit\"> <h2 class=\"f18 yhei n\" style=\"font-size:18px;font-weight:normal;\"> 交通指南 </h2> </div> <div class=\"view_box3_text cell_bk\" style=\"padding:10px;\"> <p> <span style=\"line-height:18px;font-family:宋体;\">线路一：</span><span style=\"line-height:18px;font-family:宋体;\">上塘高架→南庄兜枢纽（转入绕城高速西线）→勾庄出口→安吉方向（转入104国道）→东西大道塘栖方向→农夫乐园</span> </p> <p> <span style=\"line-height:18px;font-family:宋体;\">线路二：</span><span style=\"line-height:18px;font-family:宋体;\">莫干山路→东西大道塘栖方向→农夫乐园</span> </p> <p> <span style=\"line-height:18px;font-family:宋体;\">线路三：</span><span style=\"line-height:18px;font-family:宋体;\">古墩路-东西大道塘栖方向-农夫乐园</span> </p> <p> <span style=\"line-height:18px;font-family:宋体;\">公交线路：</span> </p> <p> <span style=\"line-height:18px;font-family:宋体;\">乘313.348至良渚公交站下→东西大道塘栖方向（步行约105公里）→农夫乐园</span> </p> <p> <span style=\"line-height:18px;font-family:宋体;\">高速线路：</span> </p> <p> <span style=\"line-height:18px;font-family:宋体;\">① 转入杭州绕城北线→勾庄出口→安吉、湖州方向→转入东西大道塘栖方向（加油站右转）→农夫乐园</span> </p> <p> <span style=\"line-height:18px;font-family:宋体;\">② 杭宁高速→良渚出口→东西大道塘栖方向→农夫乐园</span> </p> <p> <span style=\"line-height:18px;font-family:宋体;\">（扫二维码可一键导航）</span> </p> <p> <img src=\"http://officialsite.juyingzhiye.com/2016/201609251509157021936.png\" /> </p> </div> </div>', '1484064000', '9：00-16：30', '杭州余杭区良渚街道东西大道旁', '入园保证,快速入园,随时退,贵就赔', 'static/images/201612061043473055210.jpg!182110');
INSERT INTO `pre_product` VALUES ('11', '农夫乐园成人票', '55.00', '“农夫乐园是一个以文化创意为魂，以绿色环保、亲子动漫为主题，颠覆传统农业旅游形态的国家AAA级生态亲子主题旅游景区。2010年至2013年连续四届杭州西博会项目之一；2011年-2015年连续5届国际动漫节分会场，被评为中国国际动漫节最佳分会场；连续举办两届“冰雕节”；2011年开始至2015年秋季每年举办“乡村狂欢节”。', '<div class=\"view_box3 mt40\" style=\"color:#333333;font-family:微软雅黑;\"> <div class=\"view_box3_tit\"> <h2 class=\"f18 yhei n\" style=\"font-size:18px;font-weight:normal;\"> 预订须知 </h2> </div> <div class=\"view_box3_text cell_bk\" style=\"padding:10px;\"> <p> <span style=\"font-size:14px;line-height:1.75em;\">①开放时间： 9:00--16:30&nbsp;</span> </p> <p> <span style=\"font-size:14px;\">②取票地点： 农夫乐园售票厅</span> </p> <p> <span style=\"font-size:14px;\">③入园凭证：&nbsp;预定成功后到景区付款，取票入园（需提前两小时预定）</span> </p> <p> <span style=\"font-size:14px;\">④特殊人群：<span style=\"line-height:1.75em;\"><span style=\"font-family:宋体;\">老师、军人、</span><span style=\"font-family:&quot;\">70</span><span style=\"font-family:宋体;\">周岁以上老年人、残疾、导游可凭相关证件免费入园。</span></span></span> </p> </div> </div> <div class=\"view_box3 mt40\" style=\"color:#333333;font-family:微软雅黑;\"> <div class=\"view_box3_tit\"> <h2 class=\"f18 yhei n\" style=\"font-size:18px;font-weight:normal;\"> 景点介绍 </h2> </div> <div class=\"view_box3_text cell_bk\" style=\"padding:10px;\"> <p> &nbsp; “农夫乐园是一个以文化创意为魂，以绿色环保、亲子动漫为主题，颠覆传统农业旅游形态的国家AAA级生态亲子主题旅游景区。2010年至2013年连续四届杭州西博会项目之一；2011年-2015年连续5届国际动漫节分会场，被评为中国国际动漫节最佳分会场；连续举办两届“冰雕节”；2011年开始至2015年秋季每年举办“乡村狂欢节”。 </p> <p> <span style=\"line-height:1.75em;\">&nbsp; &nbsp;整个景区分六大主题公园，水上主题公园、动物主题公园、爱情主题公园、休闲美食主题公园、儿童游乐主题公园、休闲度假主题公园，以创意卡通表演为核心，以休闲创意为核心，以亲子旅游为特色，多维度深层次挖掘现代农业创意旅游，打造杭州首家创意卡通农业休闲相结合的亲子旅游主题公园。</span> </p> <p> <span style=\"line-height:1.75em;\">&nbsp; &nbsp;2016年农夫乐园横向拓展项目，引进高端马术俱乐部“凯得国际马术中心”及“野狼户外”专业CS拓展团队，同时2016年动漫节期间将与《少年师爷》动画强强联合，突破传统旅游跨界整合资源，多层次多维度挖掘亲子旅游产品的同时加强成人市场影响力。</span> </p> </div> </div> <div class=\"view_box3 mt40\" id=\"Traffic\" style=\"color:#333333;font-family:微软雅黑;\"> <div class=\"view_box3_tit\"> <h2 class=\"f18 yhei n\" style=\"font-size:18px;font-weight:normal;\"> 交通指南 </h2> </div> <div class=\"view_box3_text cell_bk\" style=\"padding:10px;\"> <p> <span style=\"line-height:18px;font-family:宋体;\">线路一：</span><span style=\"line-height:18px;font-family:宋体;\">上塘高架→南庄兜枢纽（转入绕城高速西线）→勾庄出口→安吉方向（转入104国道）→东西大道塘栖方向→农夫乐园</span> </p> <p> <span style=\"line-height:18px;font-family:宋体;\">线路二：</span><span style=\"line-height:18px;font-family:宋体;\">莫干山路→东西大道塘栖方向→农夫乐园</span> </p> <p> <span style=\"line-height:18px;font-family:宋体;\">线路三：</span><span style=\"line-height:18px;font-family:宋体;\">古墩路-东西大道塘栖方向-农夫乐园</span> </p> <p> <span style=\"line-height:18px;font-family:宋体;\">公交线路：</span> </p> <p> <span style=\"line-height:18px;font-family:宋体;\">乘313.348至良渚公交站下→东西大道塘栖方向（步行约105公里）→农夫乐园</span> </p> <p> <span style=\"line-height:18px;font-family:宋体;\">高速线路：</span> </p> <p> <span style=\"line-height:18px;font-family:宋体;\">① 转入杭州绕城北线→勾庄出口→安吉、湖州方向→转入东西大道塘栖方向（加油站右转）→农夫乐园</span> </p> <p> <span style=\"line-height:18px;font-family:宋体;\">② 杭宁高速→良渚出口→东西大道塘栖方向→农夫乐园</span> </p> <p> <span style=\"line-height:18px;font-family:宋体;\">（扫二维码可一键导航）</span> </p> <p> <img src=\"http://officialsite.juyingzhiye.com/2016/201609251509157021936.png\" /> </p> </div> </div>', '1484064000', '9：00-16：30', '杭州余杭区良渚街道东西大道旁', '入园保证,快速入园,随时退,贵就赔', 'static/images/201612061043473055210.jpg!182110');
INSERT INTO `pre_product` VALUES ('12', '农夫乐园成人票', '55.00', '“农夫乐园是一个以文化创意为魂，以绿色环保、亲子动漫为主题，颠覆传统农业旅游形态的国家AAA级生态亲子主题旅游景区。2010年至2013年连续四届杭州西博会项目之一；2011年-2015年连续5届国际动漫节分会场，被评为中国国际动漫节最佳分会场；连续举办两届“冰雕节”；2011年开始至2015年秋季每年举办“乡村狂欢节”。', '<div class=\"view_box3 mt40\" style=\"color:#333333;font-family:微软雅黑;\"> <div class=\"view_box3_tit\"> <h2 class=\"f18 yhei n\" style=\"font-size:18px;font-weight:normal;\"> 预订须知 </h2> </div> <div class=\"view_box3_text cell_bk\" style=\"padding:10px;\"> <p> <span style=\"font-size:14px;line-height:1.75em;\">①开放时间： 9:00--16:30&nbsp;</span> </p> <p> <span style=\"font-size:14px;\">②取票地点： 农夫乐园售票厅</span> </p> <p> <span style=\"font-size:14px;\">③入园凭证：&nbsp;预定成功后到景区付款，取票入园（需提前两小时预定）</span> </p> <p> <span style=\"font-size:14px;\">④特殊人群：<span style=\"line-height:1.75em;\"><span style=\"font-family:宋体;\">老师、军人、</span><span style=\"font-family:&quot;\">70</span><span style=\"font-family:宋体;\">周岁以上老年人、残疾、导游可凭相关证件免费入园。</span></span></span> </p> </div> </div> <div class=\"view_box3 mt40\" style=\"color:#333333;font-family:微软雅黑;\"> <div class=\"view_box3_tit\"> <h2 class=\"f18 yhei n\" style=\"font-size:18px;font-weight:normal;\"> 景点介绍 </h2> </div> <div class=\"view_box3_text cell_bk\" style=\"padding:10px;\"> <p> &nbsp; “农夫乐园是一个以文化创意为魂，以绿色环保、亲子动漫为主题，颠覆传统农业旅游形态的国家AAA级生态亲子主题旅游景区。2010年至2013年连续四届杭州西博会项目之一；2011年-2015年连续5届国际动漫节分会场，被评为中国国际动漫节最佳分会场；连续举办两届“冰雕节”；2011年开始至2015年秋季每年举办“乡村狂欢节”。 </p> <p> <span style=\"line-height:1.75em;\">&nbsp; &nbsp;整个景区分六大主题公园，水上主题公园、动物主题公园、爱情主题公园、休闲美食主题公园、儿童游乐主题公园、休闲度假主题公园，以创意卡通表演为核心，以休闲创意为核心，以亲子旅游为特色，多维度深层次挖掘现代农业创意旅游，打造杭州首家创意卡通农业休闲相结合的亲子旅游主题公园。</span> </p> <p> <span style=\"line-height:1.75em;\">&nbsp; &nbsp;2016年农夫乐园横向拓展项目，引进高端马术俱乐部“凯得国际马术中心”及“野狼户外”专业CS拓展团队，同时2016年动漫节期间将与《少年师爷》动画强强联合，突破传统旅游跨界整合资源，多层次多维度挖掘亲子旅游产品的同时加强成人市场影响力。</span> </p> </div> </div> <div class=\"view_box3 mt40\" id=\"Traffic\" style=\"color:#333333;font-family:微软雅黑;\"> <div class=\"view_box3_tit\"> <h2 class=\"f18 yhei n\" style=\"font-size:18px;font-weight:normal;\"> 交通指南 </h2> </div> <div class=\"view_box3_text cell_bk\" style=\"padding:10px;\"> <p> <span style=\"line-height:18px;font-family:宋体;\">线路一：</span><span style=\"line-height:18px;font-family:宋体;\">上塘高架→南庄兜枢纽（转入绕城高速西线）→勾庄出口→安吉方向（转入104国道）→东西大道塘栖方向→农夫乐园</span> </p> <p> <span style=\"line-height:18px;font-family:宋体;\">线路二：</span><span style=\"line-height:18px;font-family:宋体;\">莫干山路→东西大道塘栖方向→农夫乐园</span> </p> <p> <span style=\"line-height:18px;font-family:宋体;\">线路三：</span><span style=\"line-height:18px;font-family:宋体;\">古墩路-东西大道塘栖方向-农夫乐园</span> </p> <p> <span style=\"line-height:18px;font-family:宋体;\">公交线路：</span> </p> <p> <span style=\"line-height:18px;font-family:宋体;\">乘313.348至良渚公交站下→东西大道塘栖方向（步行约105公里）→农夫乐园</span> </p> <p> <span style=\"line-height:18px;font-family:宋体;\">高速线路：</span> </p> <p> <span style=\"line-height:18px;font-family:宋体;\">① 转入杭州绕城北线→勾庄出口→安吉、湖州方向→转入东西大道塘栖方向（加油站右转）→农夫乐园</span> </p> <p> <span style=\"line-height:18px;font-family:宋体;\">② 杭宁高速→良渚出口→东西大道塘栖方向→农夫乐园</span> </p> <p> <span style=\"line-height:18px;font-family:宋体;\">（扫二维码可一键导航）</span> </p> <p> <img src=\"http://officialsite.juyingzhiye.com/2016/201609251509157021936.png\" /> </p> </div> </div>', '1484064000', '9：00-16：30', '杭州余杭区良渚街道东西大道旁', '入园保证,快速入园,随时退,贵就赔', 'static/images/201612061043473055210.jpg!182110');
INSERT INTO `pre_product` VALUES ('13', '农夫乐园成人票', '55.00', '“农夫乐园是一个以文化创意为魂，以绿色环保、亲子动漫为主题，颠覆传统农业旅游形态的国家AAA级生态亲子主题旅游景区。2010年至2013年连续四届杭州西博会项目之一；2011年-2015年连续5届国际动漫节分会场，被评为中国国际动漫节最佳分会场；连续举办两届“冰雕节”；2011年开始至2015年秋季每年举办“乡村狂欢节”。', '<div class=\"view_box3 mt40\" style=\"color:#333333;font-family:微软雅黑;\"> <div class=\"view_box3_tit\"> <h2 class=\"f18 yhei n\" style=\"font-size:18px;font-weight:normal;\"> 预订须知 </h2> </div> <div class=\"view_box3_text cell_bk\" style=\"padding:10px;\"> <p> <span style=\"font-size:14px;line-height:1.75em;\">①开放时间： 9:00--16:30&nbsp;</span> </p> <p> <span style=\"font-size:14px;\">②取票地点： 农夫乐园售票厅</span> </p> <p> <span style=\"font-size:14px;\">③入园凭证：&nbsp;预定成功后到景区付款，取票入园（需提前两小时预定）</span> </p> <p> <span style=\"font-size:14px;\">④特殊人群：<span style=\"line-height:1.75em;\"><span style=\"font-family:宋体;\">老师、军人、</span><span style=\"font-family:&quot;\">70</span><span style=\"font-family:宋体;\">周岁以上老年人、残疾、导游可凭相关证件免费入园。</span></span></span> </p> </div> </div> <div class=\"view_box3 mt40\" style=\"color:#333333;font-family:微软雅黑;\"> <div class=\"view_box3_tit\"> <h2 class=\"f18 yhei n\" style=\"font-size:18px;font-weight:normal;\"> 景点介绍 </h2> </div> <div class=\"view_box3_text cell_bk\" style=\"padding:10px;\"> <p> &nbsp; “农夫乐园是一个以文化创意为魂，以绿色环保、亲子动漫为主题，颠覆传统农业旅游形态的国家AAA级生态亲子主题旅游景区。2010年至2013年连续四届杭州西博会项目之一；2011年-2015年连续5届国际动漫节分会场，被评为中国国际动漫节最佳分会场；连续举办两届“冰雕节”；2011年开始至2015年秋季每年举办“乡村狂欢节”。 </p> <p> <span style=\"line-height:1.75em;\">&nbsp; &nbsp;整个景区分六大主题公园，水上主题公园、动物主题公园、爱情主题公园、休闲美食主题公园、儿童游乐主题公园、休闲度假主题公园，以创意卡通表演为核心，以休闲创意为核心，以亲子旅游为特色，多维度深层次挖掘现代农业创意旅游，打造杭州首家创意卡通农业休闲相结合的亲子旅游主题公园。</span> </p> <p> <span style=\"line-height:1.75em;\">&nbsp; &nbsp;2016年农夫乐园横向拓展项目，引进高端马术俱乐部“凯得国际马术中心”及“野狼户外”专业CS拓展团队，同时2016年动漫节期间将与《少年师爷》动画强强联合，突破传统旅游跨界整合资源，多层次多维度挖掘亲子旅游产品的同时加强成人市场影响力。</span> </p> </div> </div> <div class=\"view_box3 mt40\" id=\"Traffic\" style=\"color:#333333;font-family:微软雅黑;\"> <div class=\"view_box3_tit\"> <h2 class=\"f18 yhei n\" style=\"font-size:18px;font-weight:normal;\"> 交通指南 </h2> </div> <div class=\"view_box3_text cell_bk\" style=\"padding:10px;\"> <p> <span style=\"line-height:18px;font-family:宋体;\">线路一：</span><span style=\"line-height:18px;font-family:宋体;\">上塘高架→南庄兜枢纽（转入绕城高速西线）→勾庄出口→安吉方向（转入104国道）→东西大道塘栖方向→农夫乐园</span> </p> <p> <span style=\"line-height:18px;font-family:宋体;\">线路二：</span><span style=\"line-height:18px;font-family:宋体;\">莫干山路→东西大道塘栖方向→农夫乐园</span> </p> <p> <span style=\"line-height:18px;font-family:宋体;\">线路三：</span><span style=\"line-height:18px;font-family:宋体;\">古墩路-东西大道塘栖方向-农夫乐园</span> </p> <p> <span style=\"line-height:18px;font-family:宋体;\">公交线路：</span> </p> <p> <span style=\"line-height:18px;font-family:宋体;\">乘313.348至良渚公交站下→东西大道塘栖方向（步行约105公里）→农夫乐园</span> </p> <p> <span style=\"line-height:18px;font-family:宋体;\">高速线路：</span> </p> <p> <span style=\"line-height:18px;font-family:宋体;\">① 转入杭州绕城北线→勾庄出口→安吉、湖州方向→转入东西大道塘栖方向（加油站右转）→农夫乐园</span> </p> <p> <span style=\"line-height:18px;font-family:宋体;\">② 杭宁高速→良渚出口→东西大道塘栖方向→农夫乐园</span> </p> <p> <span style=\"line-height:18px;font-family:宋体;\">（扫二维码可一键导航）</span> </p> <p> <img src=\"http://officialsite.juyingzhiye.com/2016/201609251509157021936.png\" /> </p> </div> </div>', '1484064000', '9：00-16：30', '杭州余杭区良渚街道东西大道旁', '入园保证,快速入园,随时退,贵就赔', 'static/images/201612061043473055210.jpg!182110');
INSERT INTO `pre_product` VALUES ('14', '农夫乐园成人票', '55.00', '“农夫乐园是一个以文化创意为魂，以绿色环保、亲子动漫为主题，颠覆传统农业旅游形态的国家AAA级生态亲子主题旅游景区。2010年至2013年连续四届杭州西博会项目之一；2011年-2015年连续5届国际动漫节分会场，被评为中国国际动漫节最佳分会场；连续举办两届“冰雕节”；2011年开始至2015年秋季每年举办“乡村狂欢节”。', '<div class=\"view_box3 mt40\" style=\"color:#333333;font-family:微软雅黑;\"> <div class=\"view_box3_tit\"> <h2 class=\"f18 yhei n\" style=\"font-size:18px;font-weight:normal;\"> 预订须知 </h2> </div> <div class=\"view_box3_text cell_bk\" style=\"padding:10px;\"> <p> <span style=\"font-size:14px;line-height:1.75em;\">①开放时间： 9:00--16:30&nbsp;</span> </p> <p> <span style=\"font-size:14px;\">②取票地点： 农夫乐园售票厅</span> </p> <p> <span style=\"font-size:14px;\">③入园凭证：&nbsp;预定成功后到景区付款，取票入园（需提前两小时预定）</span> </p> <p> <span style=\"font-size:14px;\">④特殊人群：<span style=\"line-height:1.75em;\"><span style=\"font-family:宋体;\">老师、军人、</span><span style=\"font-family:&quot;\">70</span><span style=\"font-family:宋体;\">周岁以上老年人、残疾、导游可凭相关证件免费入园。</span></span></span> </p> </div> </div> <div class=\"view_box3 mt40\" style=\"color:#333333;font-family:微软雅黑;\"> <div class=\"view_box3_tit\"> <h2 class=\"f18 yhei n\" style=\"font-size:18px;font-weight:normal;\"> 景点介绍 </h2> </div> <div class=\"view_box3_text cell_bk\" style=\"padding:10px;\"> <p> &nbsp; “农夫乐园是一个以文化创意为魂，以绿色环保、亲子动漫为主题，颠覆传统农业旅游形态的国家AAA级生态亲子主题旅游景区。2010年至2013年连续四届杭州西博会项目之一；2011年-2015年连续5届国际动漫节分会场，被评为中国国际动漫节最佳分会场；连续举办两届“冰雕节”；2011年开始至2015年秋季每年举办“乡村狂欢节”。 </p> <p> <span style=\"line-height:1.75em;\">&nbsp; &nbsp;整个景区分六大主题公园，水上主题公园、动物主题公园、爱情主题公园、休闲美食主题公园、儿童游乐主题公园、休闲度假主题公园，以创意卡通表演为核心，以休闲创意为核心，以亲子旅游为特色，多维度深层次挖掘现代农业创意旅游，打造杭州首家创意卡通农业休闲相结合的亲子旅游主题公园。</span> </p> <p> <span style=\"line-height:1.75em;\">&nbsp; &nbsp;2016年农夫乐园横向拓展项目，引进高端马术俱乐部“凯得国际马术中心”及“野狼户外”专业CS拓展团队，同时2016年动漫节期间将与《少年师爷》动画强强联合，突破传统旅游跨界整合资源，多层次多维度挖掘亲子旅游产品的同时加强成人市场影响力。</span> </p> </div> </div> <div class=\"view_box3 mt40\" id=\"Traffic\" style=\"color:#333333;font-family:微软雅黑;\"> <div class=\"view_box3_tit\"> <h2 class=\"f18 yhei n\" style=\"font-size:18px;font-weight:normal;\"> 交通指南 </h2> </div> <div class=\"view_box3_text cell_bk\" style=\"padding:10px;\"> <p> <span style=\"line-height:18px;font-family:宋体;\">线路一：</span><span style=\"line-height:18px;font-family:宋体;\">上塘高架→南庄兜枢纽（转入绕城高速西线）→勾庄出口→安吉方向（转入104国道）→东西大道塘栖方向→农夫乐园</span> </p> <p> <span style=\"line-height:18px;font-family:宋体;\">线路二：</span><span style=\"line-height:18px;font-family:宋体;\">莫干山路→东西大道塘栖方向→农夫乐园</span> </p> <p> <span style=\"line-height:18px;font-family:宋体;\">线路三：</span><span style=\"line-height:18px;font-family:宋体;\">古墩路-东西大道塘栖方向-农夫乐园</span> </p> <p> <span style=\"line-height:18px;font-family:宋体;\">公交线路：</span> </p> <p> <span style=\"line-height:18px;font-family:宋体;\">乘313.348至良渚公交站下→东西大道塘栖方向（步行约105公里）→农夫乐园</span> </p> <p> <span style=\"line-height:18px;font-family:宋体;\">高速线路：</span> </p> <p> <span style=\"line-height:18px;font-family:宋体;\">① 转入杭州绕城北线→勾庄出口→安吉、湖州方向→转入东西大道塘栖方向（加油站右转）→农夫乐园</span> </p> <p> <span style=\"line-height:18px;font-family:宋体;\">② 杭宁高速→良渚出口→东西大道塘栖方向→农夫乐园</span> </p> <p> <span style=\"line-height:18px;font-family:宋体;\">（扫二维码可一键导航）</span> </p> <p> <img src=\"http://officialsite.juyingzhiye.com/2016/201609251509157021936.png\" /> </p> </div> </div>', '1484064000', '9：00-16：30', '杭州余杭区良渚街道东西大道旁', '入园保证,快速入园,随时退,贵就赔', 'static/images/201612061043473055210.jpg!182110');
INSERT INTO `pre_product` VALUES ('15', '农夫乐园成人票', '55.00', '“农夫乐园是一个以文化创意为魂，以绿色环保、亲子动漫为主题，颠覆传统农业旅游形态的国家AAA级生态亲子主题旅游景区。2010年至2013年连续四届杭州西博会项目之一；2011年-2015年连续5届国际动漫节分会场，被评为中国国际动漫节最佳分会场；连续举办两届“冰雕节”；2011年开始至2015年秋季每年举办“乡村狂欢节”。', '<div class=\"view_box3 mt40\" style=\"color:#333333;font-family:微软雅黑;\"> <div class=\"view_box3_tit\"> <h2 class=\"f18 yhei n\" style=\"font-size:18px;font-weight:normal;\"> 预订须知 </h2> </div> <div class=\"view_box3_text cell_bk\" style=\"padding:10px;\"> <p> <span style=\"font-size:14px;line-height:1.75em;\">①开放时间： 9:00--16:30&nbsp;</span> </p> <p> <span style=\"font-size:14px;\">②取票地点： 农夫乐园售票厅</span> </p> <p> <span style=\"font-size:14px;\">③入园凭证：&nbsp;预定成功后到景区付款，取票入园（需提前两小时预定）</span> </p> <p> <span style=\"font-size:14px;\">④特殊人群：<span style=\"line-height:1.75em;\"><span style=\"font-family:宋体;\">老师、军人、</span><span style=\"font-family:&quot;\">70</span><span style=\"font-family:宋体;\">周岁以上老年人、残疾、导游可凭相关证件免费入园。</span></span></span> </p> </div> </div> <div class=\"view_box3 mt40\" style=\"color:#333333;font-family:微软雅黑;\"> <div class=\"view_box3_tit\"> <h2 class=\"f18 yhei n\" style=\"font-size:18px;font-weight:normal;\"> 景点介绍 </h2> </div> <div class=\"view_box3_text cell_bk\" style=\"padding:10px;\"> <p> &nbsp; “农夫乐园是一个以文化创意为魂，以绿色环保、亲子动漫为主题，颠覆传统农业旅游形态的国家AAA级生态亲子主题旅游景区。2010年至2013年连续四届杭州西博会项目之一；2011年-2015年连续5届国际动漫节分会场，被评为中国国际动漫节最佳分会场；连续举办两届“冰雕节”；2011年开始至2015年秋季每年举办“乡村狂欢节”。 </p> <p> <span style=\"line-height:1.75em;\">&nbsp; &nbsp;整个景区分六大主题公园，水上主题公园、动物主题公园、爱情主题公园、休闲美食主题公园、儿童游乐主题公园、休闲度假主题公园，以创意卡通表演为核心，以休闲创意为核心，以亲子旅游为特色，多维度深层次挖掘现代农业创意旅游，打造杭州首家创意卡通农业休闲相结合的亲子旅游主题公园。</span> </p> <p> <span style=\"line-height:1.75em;\">&nbsp; &nbsp;2016年农夫乐园横向拓展项目，引进高端马术俱乐部“凯得国际马术中心”及“野狼户外”专业CS拓展团队，同时2016年动漫节期间将与《少年师爷》动画强强联合，突破传统旅游跨界整合资源，多层次多维度挖掘亲子旅游产品的同时加强成人市场影响力。</span> </p> </div> </div> <div class=\"view_box3 mt40\" id=\"Traffic\" style=\"color:#333333;font-family:微软雅黑;\"> <div class=\"view_box3_tit\"> <h2 class=\"f18 yhei n\" style=\"font-size:18px;font-weight:normal;\"> 交通指南 </h2> </div> <div class=\"view_box3_text cell_bk\" style=\"padding:10px;\"> <p> <span style=\"line-height:18px;font-family:宋体;\">线路一：</span><span style=\"line-height:18px;font-family:宋体;\">上塘高架→南庄兜枢纽（转入绕城高速西线）→勾庄出口→安吉方向（转入104国道）→东西大道塘栖方向→农夫乐园</span> </p> <p> <span style=\"line-height:18px;font-family:宋体;\">线路二：</span><span style=\"line-height:18px;font-family:宋体;\">莫干山路→东西大道塘栖方向→农夫乐园</span> </p> <p> <span style=\"line-height:18px;font-family:宋体;\">线路三：</span><span style=\"line-height:18px;font-family:宋体;\">古墩路-东西大道塘栖方向-农夫乐园</span> </p> <p> <span style=\"line-height:18px;font-family:宋体;\">公交线路：</span> </p> <p> <span style=\"line-height:18px;font-family:宋体;\">乘313.348至良渚公交站下→东西大道塘栖方向（步行约105公里）→农夫乐园</span> </p> <p> <span style=\"line-height:18px;font-family:宋体;\">高速线路：</span> </p> <p> <span style=\"line-height:18px;font-family:宋体;\">① 转入杭州绕城北线→勾庄出口→安吉、湖州方向→转入东西大道塘栖方向（加油站右转）→农夫乐园</span> </p> <p> <span style=\"line-height:18px;font-family:宋体;\">② 杭宁高速→良渚出口→东西大道塘栖方向→农夫乐园</span> </p> <p> <span style=\"line-height:18px;font-family:宋体;\">（扫二维码可一键导航）</span> </p> <p> <img src=\"http://officialsite.juyingzhiye.com/2016/201609251509157021936.png\" /> </p> </div> </div>', '1484064000', '9：00-16：30', '杭州余杭区良渚街道东西大道旁', '入园保证,快速入园,随时退,贵就赔', 'static/images/201612061043473055210.jpg!182110');
INSERT INTO `pre_product` VALUES ('16', '农夫乐园成人票', '55.00', '“农夫乐园是一个以文化创意为魂，以绿色环保、亲子动漫为主题，颠覆传统农业旅游形态的国家AAA级生态亲子主题旅游景区。2010年至2013年连续四届杭州西博会项目之一；2011年-2015年连续5届国际动漫节分会场，被评为中国国际动漫节最佳分会场；连续举办两届“冰雕节”；2011年开始至2015年秋季每年举办“乡村狂欢节”。', '<div class=\"view_box3 mt40\" style=\"color:#333333;font-family:微软雅黑;\"> <div class=\"view_box3_tit\"> <h2 class=\"f18 yhei n\" style=\"font-size:18px;font-weight:normal;\"> 预订须知 </h2> </div> <div class=\"view_box3_text cell_bk\" style=\"padding:10px;\"> <p> <span style=\"font-size:14px;line-height:1.75em;\">①开放时间： 9:00--16:30&nbsp;</span> </p> <p> <span style=\"font-size:14px;\">②取票地点： 农夫乐园售票厅</span> </p> <p> <span style=\"font-size:14px;\">③入园凭证：&nbsp;预定成功后到景区付款，取票入园（需提前两小时预定）</span> </p> <p> <span style=\"font-size:14px;\">④特殊人群：<span style=\"line-height:1.75em;\"><span style=\"font-family:宋体;\">老师、军人、</span><span style=\"font-family:&quot;\">70</span><span style=\"font-family:宋体;\">周岁以上老年人、残疾、导游可凭相关证件免费入园。</span></span></span> </p> </div> </div> <div class=\"view_box3 mt40\" style=\"color:#333333;font-family:微软雅黑;\"> <div class=\"view_box3_tit\"> <h2 class=\"f18 yhei n\" style=\"font-size:18px;font-weight:normal;\"> 景点介绍 </h2> </div> <div class=\"view_box3_text cell_bk\" style=\"padding:10px;\"> <p> &nbsp; “农夫乐园是一个以文化创意为魂，以绿色环保、亲子动漫为主题，颠覆传统农业旅游形态的国家AAA级生态亲子主题旅游景区。2010年至2013年连续四届杭州西博会项目之一；2011年-2015年连续5届国际动漫节分会场，被评为中国国际动漫节最佳分会场；连续举办两届“冰雕节”；2011年开始至2015年秋季每年举办“乡村狂欢节”。 </p> <p> <span style=\"line-height:1.75em;\">&nbsp; &nbsp;整个景区分六大主题公园，水上主题公园、动物主题公园、爱情主题公园、休闲美食主题公园、儿童游乐主题公园、休闲度假主题公园，以创意卡通表演为核心，以休闲创意为核心，以亲子旅游为特色，多维度深层次挖掘现代农业创意旅游，打造杭州首家创意卡通农业休闲相结合的亲子旅游主题公园。</span> </p> <p> <span style=\"line-height:1.75em;\">&nbsp; &nbsp;2016年农夫乐园横向拓展项目，引进高端马术俱乐部“凯得国际马术中心”及“野狼户外”专业CS拓展团队，同时2016年动漫节期间将与《少年师爷》动画强强联合，突破传统旅游跨界整合资源，多层次多维度挖掘亲子旅游产品的同时加强成人市场影响力。</span> </p> </div> </div> <div class=\"view_box3 mt40\" id=\"Traffic\" style=\"color:#333333;font-family:微软雅黑;\"> <div class=\"view_box3_tit\"> <h2 class=\"f18 yhei n\" style=\"font-size:18px;font-weight:normal;\"> 交通指南 </h2> </div> <div class=\"view_box3_text cell_bk\" style=\"padding:10px;\"> <p> <span style=\"line-height:18px;font-family:宋体;\">线路一：</span><span style=\"line-height:18px;font-family:宋体;\">上塘高架→南庄兜枢纽（转入绕城高速西线）→勾庄出口→安吉方向（转入104国道）→东西大道塘栖方向→农夫乐园</span> </p> <p> <span style=\"line-height:18px;font-family:宋体;\">线路二：</span><span style=\"line-height:18px;font-family:宋体;\">莫干山路→东西大道塘栖方向→农夫乐园</span> </p> <p> <span style=\"line-height:18px;font-family:宋体;\">线路三：</span><span style=\"line-height:18px;font-family:宋体;\">古墩路-东西大道塘栖方向-农夫乐园</span> </p> <p> <span style=\"line-height:18px;font-family:宋体;\">公交线路：</span> </p> <p> <span style=\"line-height:18px;font-family:宋体;\">乘313.348至良渚公交站下→东西大道塘栖方向（步行约105公里）→农夫乐园</span> </p> <p> <span style=\"line-height:18px;font-family:宋体;\">高速线路：</span> </p> <p> <span style=\"line-height:18px;font-family:宋体;\">① 转入杭州绕城北线→勾庄出口→安吉、湖州方向→转入东西大道塘栖方向（加油站右转）→农夫乐园</span> </p> <p> <span style=\"line-height:18px;font-family:宋体;\">② 杭宁高速→良渚出口→东西大道塘栖方向→农夫乐园</span> </p> <p> <span style=\"line-height:18px;font-family:宋体;\">（扫二维码可一键导航）</span> </p> <p> <img src=\"http://officialsite.juyingzhiye.com/2016/201609251509157021936.png\" /> </p> </div> </div>', '1484064000', '9：00-16：30', '杭州余杭区良渚街道东西大道旁', '入园保证,快速入园,随时退,贵就赔', 'static/images/201612061043473055210.jpg!182110');
INSERT INTO `pre_product` VALUES ('17', '农夫乐园成人票', '55.00', '“农夫乐园是一个以文化创意为魂，以绿色环保、亲子动漫为主题，颠覆传统农业旅游形态的国家AAA级生态亲子主题旅游景区。2010年至2013年连续四届杭州西博会项目之一；2011年-2015年连续5届国际动漫节分会场，被评为中国国际动漫节最佳分会场；连续举办两届“冰雕节”；2011年开始至2015年秋季每年举办“乡村狂欢节”。', '<div class=\"view_box3 mt40\" style=\"color:#333333;font-family:微软雅黑;\"> <div class=\"view_box3_tit\"> <h2 class=\"f18 yhei n\" style=\"font-size:18px;font-weight:normal;\"> 预订须知 </h2> </div> <div class=\"view_box3_text cell_bk\" style=\"padding:10px;\"> <p> <span style=\"font-size:14px;line-height:1.75em;\">①开放时间： 9:00--16:30&nbsp;</span> </p> <p> <span style=\"font-size:14px;\">②取票地点： 农夫乐园售票厅</span> </p> <p> <span style=\"font-size:14px;\">③入园凭证：&nbsp;预定成功后到景区付款，取票入园（需提前两小时预定）</span> </p> <p> <span style=\"font-size:14px;\">④特殊人群：<span style=\"line-height:1.75em;\"><span style=\"font-family:宋体;\">老师、军人、</span><span style=\"font-family:&quot;\">70</span><span style=\"font-family:宋体;\">周岁以上老年人、残疾、导游可凭相关证件免费入园。</span></span></span> </p> </div> </div> <div class=\"view_box3 mt40\" style=\"color:#333333;font-family:微软雅黑;\"> <div class=\"view_box3_tit\"> <h2 class=\"f18 yhei n\" style=\"font-size:18px;font-weight:normal;\"> 景点介绍 </h2> </div> <div class=\"view_box3_text cell_bk\" style=\"padding:10px;\"> <p> &nbsp; “农夫乐园是一个以文化创意为魂，以绿色环保、亲子动漫为主题，颠覆传统农业旅游形态的国家AAA级生态亲子主题旅游景区。2010年至2013年连续四届杭州西博会项目之一；2011年-2015年连续5届国际动漫节分会场，被评为中国国际动漫节最佳分会场；连续举办两届“冰雕节”；2011年开始至2015年秋季每年举办“乡村狂欢节”。 </p> <p> <span style=\"line-height:1.75em;\">&nbsp; &nbsp;整个景区分六大主题公园，水上主题公园、动物主题公园、爱情主题公园、休闲美食主题公园、儿童游乐主题公园、休闲度假主题公园，以创意卡通表演为核心，以休闲创意为核心，以亲子旅游为特色，多维度深层次挖掘现代农业创意旅游，打造杭州首家创意卡通农业休闲相结合的亲子旅游主题公园。</span> </p> <p> <span style=\"line-height:1.75em;\">&nbsp; &nbsp;2016年农夫乐园横向拓展项目，引进高端马术俱乐部“凯得国际马术中心”及“野狼户外”专业CS拓展团队，同时2016年动漫节期间将与《少年师爷》动画强强联合，突破传统旅游跨界整合资源，多层次多维度挖掘亲子旅游产品的同时加强成人市场影响力。</span> </p> </div> </div> <div class=\"view_box3 mt40\" id=\"Traffic\" style=\"color:#333333;font-family:微软雅黑;\"> <div class=\"view_box3_tit\"> <h2 class=\"f18 yhei n\" style=\"font-size:18px;font-weight:normal;\"> 交通指南 </h2> </div> <div class=\"view_box3_text cell_bk\" style=\"padding:10px;\"> <p> <span style=\"line-height:18px;font-family:宋体;\">线路一：</span><span style=\"line-height:18px;font-family:宋体;\">上塘高架→南庄兜枢纽（转入绕城高速西线）→勾庄出口→安吉方向（转入104国道）→东西大道塘栖方向→农夫乐园</span> </p> <p> <span style=\"line-height:18px;font-family:宋体;\">线路二：</span><span style=\"line-height:18px;font-family:宋体;\">莫干山路→东西大道塘栖方向→农夫乐园</span> </p> <p> <span style=\"line-height:18px;font-family:宋体;\">线路三：</span><span style=\"line-height:18px;font-family:宋体;\">古墩路-东西大道塘栖方向-农夫乐园</span> </p> <p> <span style=\"line-height:18px;font-family:宋体;\">公交线路：</span> </p> <p> <span style=\"line-height:18px;font-family:宋体;\">乘313.348至良渚公交站下→东西大道塘栖方向（步行约105公里）→农夫乐园</span> </p> <p> <span style=\"line-height:18px;font-family:宋体;\">高速线路：</span> </p> <p> <span style=\"line-height:18px;font-family:宋体;\">① 转入杭州绕城北线→勾庄出口→安吉、湖州方向→转入东西大道塘栖方向（加油站右转）→农夫乐园</span> </p> <p> <span style=\"line-height:18px;font-family:宋体;\">② 杭宁高速→良渚出口→东西大道塘栖方向→农夫乐园</span> </p> <p> <span style=\"line-height:18px;font-family:宋体;\">（扫二维码可一键导航）</span> </p> <p> <img src=\"http://officialsite.juyingzhiye.com/2016/201609251509157021936.png\" /> </p> </div> </div>', '1484064000', '9：00-16：30', '杭州余杭区良渚街道东西大道旁', '入园保证,快速入园,随时退,贵就赔', 'static/images/201612061043473055210.jpg!182110');
INSERT INTO `pre_product` VALUES ('18', '农夫乐园成人票', '55.00', '“农夫乐园是一个以文化创意为魂，以绿色环保、亲子动漫为主题，颠覆传统农业旅游形态的国家AAA级生态亲子主题旅游景区。2010年至2013年连续四届杭州西博会项目之一；2011年-2015年连续5届国际动漫节分会场，被评为中国国际动漫节最佳分会场；连续举办两届“冰雕节”；2011年开始至2015年秋季每年举办“乡村狂欢节”。', '<div class=\"view_box3 mt40\" style=\"color:#333333;font-family:微软雅黑;\"> <div class=\"view_box3_tit\"> <h2 class=\"f18 yhei n\" style=\"font-size:18px;font-weight:normal;\"> 预订须知 </h2> </div> <div class=\"view_box3_text cell_bk\" style=\"padding:10px;\"> <p> <span style=\"font-size:14px;line-height:1.75em;\">①开放时间： 9:00--16:30&nbsp;</span> </p> <p> <span style=\"font-size:14px;\">②取票地点： 农夫乐园售票厅</span> </p> <p> <span style=\"font-size:14px;\">③入园凭证：&nbsp;预定成功后到景区付款，取票入园（需提前两小时预定）</span> </p> <p> <span style=\"font-size:14px;\">④特殊人群：<span style=\"line-height:1.75em;\"><span style=\"font-family:宋体;\">老师、军人、</span><span style=\"font-family:&quot;\">70</span><span style=\"font-family:宋体;\">周岁以上老年人、残疾、导游可凭相关证件免费入园。</span></span></span> </p> </div> </div> <div class=\"view_box3 mt40\" style=\"color:#333333;font-family:微软雅黑;\"> <div class=\"view_box3_tit\"> <h2 class=\"f18 yhei n\" style=\"font-size:18px;font-weight:normal;\"> 景点介绍 </h2> </div> <div class=\"view_box3_text cell_bk\" style=\"padding:10px;\"> <p> &nbsp; “农夫乐园是一个以文化创意为魂，以绿色环保、亲子动漫为主题，颠覆传统农业旅游形态的国家AAA级生态亲子主题旅游景区。2010年至2013年连续四届杭州西博会项目之一；2011年-2015年连续5届国际动漫节分会场，被评为中国国际动漫节最佳分会场；连续举办两届“冰雕节”；2011年开始至2015年秋季每年举办“乡村狂欢节”。 </p> <p> <span style=\"line-height:1.75em;\">&nbsp; &nbsp;整个景区分六大主题公园，水上主题公园、动物主题公园、爱情主题公园、休闲美食主题公园、儿童游乐主题公园、休闲度假主题公园，以创意卡通表演为核心，以休闲创意为核心，以亲子旅游为特色，多维度深层次挖掘现代农业创意旅游，打造杭州首家创意卡通农业休闲相结合的亲子旅游主题公园。</span> </p> <p> <span style=\"line-height:1.75em;\">&nbsp; &nbsp;2016年农夫乐园横向拓展项目，引进高端马术俱乐部“凯得国际马术中心”及“野狼户外”专业CS拓展团队，同时2016年动漫节期间将与《少年师爷》动画强强联合，突破传统旅游跨界整合资源，多层次多维度挖掘亲子旅游产品的同时加强成人市场影响力。</span> </p> </div> </div> <div class=\"view_box3 mt40\" id=\"Traffic\" style=\"color:#333333;font-family:微软雅黑;\"> <div class=\"view_box3_tit\"> <h2 class=\"f18 yhei n\" style=\"font-size:18px;font-weight:normal;\"> 交通指南 </h2> </div> <div class=\"view_box3_text cell_bk\" style=\"padding:10px;\"> <p> <span style=\"line-height:18px;font-family:宋体;\">线路一：</span><span style=\"line-height:18px;font-family:宋体;\">上塘高架→南庄兜枢纽（转入绕城高速西线）→勾庄出口→安吉方向（转入104国道）→东西大道塘栖方向→农夫乐园</span> </p> <p> <span style=\"line-height:18px;font-family:宋体;\">线路二：</span><span style=\"line-height:18px;font-family:宋体;\">莫干山路→东西大道塘栖方向→农夫乐园</span> </p> <p> <span style=\"line-height:18px;font-family:宋体;\">线路三：</span><span style=\"line-height:18px;font-family:宋体;\">古墩路-东西大道塘栖方向-农夫乐园</span> </p> <p> <span style=\"line-height:18px;font-family:宋体;\">公交线路：</span> </p> <p> <span style=\"line-height:18px;font-family:宋体;\">乘313.348至良渚公交站下→东西大道塘栖方向（步行约105公里）→农夫乐园</span> </p> <p> <span style=\"line-height:18px;font-family:宋体;\">高速线路：</span> </p> <p> <span style=\"line-height:18px;font-family:宋体;\">① 转入杭州绕城北线→勾庄出口→安吉、湖州方向→转入东西大道塘栖方向（加油站右转）→农夫乐园</span> </p> <p> <span style=\"line-height:18px;font-family:宋体;\">② 杭宁高速→良渚出口→东西大道塘栖方向→农夫乐园</span> </p> <p> <span style=\"line-height:18px;font-family:宋体;\">（扫二维码可一键导航）</span> </p> <p> <img src=\"http://officialsite.juyingzhiye.com/2016/201609251509157021936.png\" /> </p> </div> </div>', '1484064000', '9：00-16：30', '杭州余杭区良渚街道东西大道旁', '入园保证,快速入园,随时退,贵就赔', 'static/images/201612061043473055210.jpg!182110');
INSERT INTO `pre_product` VALUES ('19', '农夫乐园成人票', '55.00', '“农夫乐园是一个以文化创意为魂，以绿色环保、亲子动漫为主题，颠覆传统农业旅游形态的国家AAA级生态亲子主题旅游景区。2010年至2013年连续四届杭州西博会项目之一；2011年-2015年连续5届国际动漫节分会场，被评为中国国际动漫节最佳分会场；连续举办两届“冰雕节”；2011年开始至2015年秋季每年举办“乡村狂欢节”。', '<div class=\"view_box3 mt40\" style=\"color:#333333;font-family:微软雅黑;\"> <div class=\"view_box3_tit\"> <h2 class=\"f18 yhei n\" style=\"font-size:18px;font-weight:normal;\"> 预订须知 </h2> </div> <div class=\"view_box3_text cell_bk\" style=\"padding:10px;\"> <p> <span style=\"font-size:14px;line-height:1.75em;\">①开放时间： 9:00--16:30&nbsp;</span> </p> <p> <span style=\"font-size:14px;\">②取票地点： 农夫乐园售票厅</span> </p> <p> <span style=\"font-size:14px;\">③入园凭证：&nbsp;预定成功后到景区付款，取票入园（需提前两小时预定）</span> </p> <p> <span style=\"font-size:14px;\">④特殊人群：<span style=\"line-height:1.75em;\"><span style=\"font-family:宋体;\">老师、军人、</span><span style=\"font-family:&quot;\">70</span><span style=\"font-family:宋体;\">周岁以上老年人、残疾、导游可凭相关证件免费入园。</span></span></span> </p> </div> </div> <div class=\"view_box3 mt40\" style=\"color:#333333;font-family:微软雅黑;\"> <div class=\"view_box3_tit\"> <h2 class=\"f18 yhei n\" style=\"font-size:18px;font-weight:normal;\"> 景点介绍 </h2> </div> <div class=\"view_box3_text cell_bk\" style=\"padding:10px;\"> <p> &nbsp; “农夫乐园是一个以文化创意为魂，以绿色环保、亲子动漫为主题，颠覆传统农业旅游形态的国家AAA级生态亲子主题旅游景区。2010年至2013年连续四届杭州西博会项目之一；2011年-2015年连续5届国际动漫节分会场，被评为中国国际动漫节最佳分会场；连续举办两届“冰雕节”；2011年开始至2015年秋季每年举办“乡村狂欢节”。 </p> <p> <span style=\"line-height:1.75em;\">&nbsp; &nbsp;整个景区分六大主题公园，水上主题公园、动物主题公园、爱情主题公园、休闲美食主题公园、儿童游乐主题公园、休闲度假主题公园，以创意卡通表演为核心，以休闲创意为核心，以亲子旅游为特色，多维度深层次挖掘现代农业创意旅游，打造杭州首家创意卡通农业休闲相结合的亲子旅游主题公园。</span> </p> <p> <span style=\"line-height:1.75em;\">&nbsp; &nbsp;2016年农夫乐园横向拓展项目，引进高端马术俱乐部“凯得国际马术中心”及“野狼户外”专业CS拓展团队，同时2016年动漫节期间将与《少年师爷》动画强强联合，突破传统旅游跨界整合资源，多层次多维度挖掘亲子旅游产品的同时加强成人市场影响力。</span> </p> </div> </div> <div class=\"view_box3 mt40\" id=\"Traffic\" style=\"color:#333333;font-family:微软雅黑;\"> <div class=\"view_box3_tit\"> <h2 class=\"f18 yhei n\" style=\"font-size:18px;font-weight:normal;\"> 交通指南 </h2> </div> <div class=\"view_box3_text cell_bk\" style=\"padding:10px;\"> <p> <span style=\"line-height:18px;font-family:宋体;\">线路一：</span><span style=\"line-height:18px;font-family:宋体;\">上塘高架→南庄兜枢纽（转入绕城高速西线）→勾庄出口→安吉方向（转入104国道）→东西大道塘栖方向→农夫乐园</span> </p> <p> <span style=\"line-height:18px;font-family:宋体;\">线路二：</span><span style=\"line-height:18px;font-family:宋体;\">莫干山路→东西大道塘栖方向→农夫乐园</span> </p> <p> <span style=\"line-height:18px;font-family:宋体;\">线路三：</span><span style=\"line-height:18px;font-family:宋体;\">古墩路-东西大道塘栖方向-农夫乐园</span> </p> <p> <span style=\"line-height:18px;font-family:宋体;\">公交线路：</span> </p> <p> <span style=\"line-height:18px;font-family:宋体;\">乘313.348至良渚公交站下→东西大道塘栖方向（步行约105公里）→农夫乐园</span> </p> <p> <span style=\"line-height:18px;font-family:宋体;\">高速线路：</span> </p> <p> <span style=\"line-height:18px;font-family:宋体;\">① 转入杭州绕城北线→勾庄出口→安吉、湖州方向→转入东西大道塘栖方向（加油站右转）→农夫乐园</span> </p> <p> <span style=\"line-height:18px;font-family:宋体;\">② 杭宁高速→良渚出口→东西大道塘栖方向→农夫乐园</span> </p> <p> <span style=\"line-height:18px;font-family:宋体;\">（扫二维码可一键导航）</span> </p> <p> <img src=\"http://officialsite.juyingzhiye.com/2016/201609251509157021936.png\" /> </p> </div> </div>', '1484064000', '9：00-16：30', '杭州余杭区良渚街道东西大道旁', '入园保证,快速入园,随时退,贵就赔', 'static/images/201612061043473055210.jpg!182110');
INSERT INTO `pre_product` VALUES ('20', '农夫乐园成人票', '55.00', '“农夫乐园是一个以文化创意为魂，以绿色环保、亲子动漫为主题，颠覆传统农业旅游形态的国家AAA级生态亲子主题旅游景区。2010年至2013年连续四届杭州西博会项目之一；2011年-2015年连续5届国际动漫节分会场，被评为中国国际动漫节最佳分会场；连续举办两届“冰雕节”；2011年开始至2015年秋季每年举办“乡村狂欢节”。', '<div class=\"view_box3 mt40\" style=\"color:#333333;font-family:微软雅黑;\"> <div class=\"view_box3_tit\"> <h2 class=\"f18 yhei n\" style=\"font-size:18px;font-weight:normal;\"> 预订须知 </h2> </div> <div class=\"view_box3_text cell_bk\" style=\"padding:10px;\"> <p> <span style=\"font-size:14px;line-height:1.75em;\">①开放时间： 9:00--16:30&nbsp;</span> </p> <p> <span style=\"font-size:14px;\">②取票地点： 农夫乐园售票厅</span> </p> <p> <span style=\"font-size:14px;\">③入园凭证：&nbsp;预定成功后到景区付款，取票入园（需提前两小时预定）</span> </p> <p> <span style=\"font-size:14px;\">④特殊人群：<span style=\"line-height:1.75em;\"><span style=\"font-family:宋体;\">老师、军人、</span><span style=\"font-family:&quot;\">70</span><span style=\"font-family:宋体;\">周岁以上老年人、残疾、导游可凭相关证件免费入园。</span></span></span> </p> </div> </div> <div class=\"view_box3 mt40\" style=\"color:#333333;font-family:微软雅黑;\"> <div class=\"view_box3_tit\"> <h2 class=\"f18 yhei n\" style=\"font-size:18px;font-weight:normal;\"> 景点介绍 </h2> </div> <div class=\"view_box3_text cell_bk\" style=\"padding:10px;\"> <p> &nbsp; “农夫乐园是一个以文化创意为魂，以绿色环保、亲子动漫为主题，颠覆传统农业旅游形态的国家AAA级生态亲子主题旅游景区。2010年至2013年连续四届杭州西博会项目之一；2011年-2015年连续5届国际动漫节分会场，被评为中国国际动漫节最佳分会场；连续举办两届“冰雕节”；2011年开始至2015年秋季每年举办“乡村狂欢节”。 </p> <p> <span style=\"line-height:1.75em;\">&nbsp; &nbsp;整个景区分六大主题公园，水上主题公园、动物主题公园、爱情主题公园、休闲美食主题公园、儿童游乐主题公园、休闲度假主题公园，以创意卡通表演为核心，以休闲创意为核心，以亲子旅游为特色，多维度深层次挖掘现代农业创意旅游，打造杭州首家创意卡通农业休闲相结合的亲子旅游主题公园。</span> </p> <p> <span style=\"line-height:1.75em;\">&nbsp; &nbsp;2016年农夫乐园横向拓展项目，引进高端马术俱乐部“凯得国际马术中心”及“野狼户外”专业CS拓展团队，同时2016年动漫节期间将与《少年师爷》动画强强联合，突破传统旅游跨界整合资源，多层次多维度挖掘亲子旅游产品的同时加强成人市场影响力。</span> </p> </div> </div> <div class=\"view_box3 mt40\" id=\"Traffic\" style=\"color:#333333;font-family:微软雅黑;\"> <div class=\"view_box3_tit\"> <h2 class=\"f18 yhei n\" style=\"font-size:18px;font-weight:normal;\"> 交通指南 </h2> </div> <div class=\"view_box3_text cell_bk\" style=\"padding:10px;\"> <p> <span style=\"line-height:18px;font-family:宋体;\">线路一：</span><span style=\"line-height:18px;font-family:宋体;\">上塘高架→南庄兜枢纽（转入绕城高速西线）→勾庄出口→安吉方向（转入104国道）→东西大道塘栖方向→农夫乐园</span> </p> <p> <span style=\"line-height:18px;font-family:宋体;\">线路二：</span><span style=\"line-height:18px;font-family:宋体;\">莫干山路→东西大道塘栖方向→农夫乐园</span> </p> <p> <span style=\"line-height:18px;font-family:宋体;\">线路三：</span><span style=\"line-height:18px;font-family:宋体;\">古墩路-东西大道塘栖方向-农夫乐园</span> </p> <p> <span style=\"line-height:18px;font-family:宋体;\">公交线路：</span> </p> <p> <span style=\"line-height:18px;font-family:宋体;\">乘313.348至良渚公交站下→东西大道塘栖方向（步行约105公里）→农夫乐园</span> </p> <p> <span style=\"line-height:18px;font-family:宋体;\">高速线路：</span> </p> <p> <span style=\"line-height:18px;font-family:宋体;\">① 转入杭州绕城北线→勾庄出口→安吉、湖州方向→转入东西大道塘栖方向（加油站右转）→农夫乐园</span> </p> <p> <span style=\"line-height:18px;font-family:宋体;\">② 杭宁高速→良渚出口→东西大道塘栖方向→农夫乐园</span> </p> <p> <span style=\"line-height:18px;font-family:宋体;\">（扫二维码可一键导航）</span> </p> <p> <img src=\"http://officialsite.juyingzhiye.com/2016/201609251509157021936.png\" /> </p> </div> </div>', '1484064000', '9：00-16：30', '杭州余杭区良渚街道东西大道旁', '入园保证,快速入园,随时退,贵就赔', 'static/images/201612061043473055210.jpg!182110');
INSERT INTO `pre_product` VALUES ('21', '农夫乐园成人票', '55.00', '“农夫乐园是一个以文化创意为魂，以绿色环保、亲子动漫为主题，颠覆传统农业旅游形态的国家AAA级生态亲子主题旅游景区。2010年至2013年连续四届杭州西博会项目之一；2011年-2015年连续5届国际动漫节分会场，被评为中国国际动漫节最佳分会场；连续举办两届“冰雕节”；2011年开始至2015年秋季每年举办“乡村狂欢节”。', '<div class=\"view_box3 mt40\" style=\"color:#333333;font-family:微软雅黑;\"> <div class=\"view_box3_tit\"> <h2 class=\"f18 yhei n\" style=\"font-size:18px;font-weight:normal;\"> 预订须知 </h2> </div> <div class=\"view_box3_text cell_bk\" style=\"padding:10px;\"> <p> <span style=\"font-size:14px;line-height:1.75em;\">①开放时间： 9:00--16:30&nbsp;</span> </p> <p> <span style=\"font-size:14px;\">②取票地点： 农夫乐园售票厅</span> </p> <p> <span style=\"font-size:14px;\">③入园凭证：&nbsp;预定成功后到景区付款，取票入园（需提前两小时预定）</span> </p> <p> <span style=\"font-size:14px;\">④特殊人群：<span style=\"line-height:1.75em;\"><span style=\"font-family:宋体;\">老师、军人、</span><span style=\"font-family:&quot;\">70</span><span style=\"font-family:宋体;\">周岁以上老年人、残疾、导游可凭相关证件免费入园。</span></span></span> </p> </div> </div> <div class=\"view_box3 mt40\" style=\"color:#333333;font-family:微软雅黑;\"> <div class=\"view_box3_tit\"> <h2 class=\"f18 yhei n\" style=\"font-size:18px;font-weight:normal;\"> 景点介绍 </h2> </div> <div class=\"view_box3_text cell_bk\" style=\"padding:10px;\"> <p> &nbsp; “农夫乐园是一个以文化创意为魂，以绿色环保、亲子动漫为主题，颠覆传统农业旅游形态的国家AAA级生态亲子主题旅游景区。2010年至2013年连续四届杭州西博会项目之一；2011年-2015年连续5届国际动漫节分会场，被评为中国国际动漫节最佳分会场；连续举办两届“冰雕节”；2011年开始至2015年秋季每年举办“乡村狂欢节”。 </p> <p> <span style=\"line-height:1.75em;\">&nbsp; &nbsp;整个景区分六大主题公园，水上主题公园、动物主题公园、爱情主题公园、休闲美食主题公园、儿童游乐主题公园、休闲度假主题公园，以创意卡通表演为核心，以休闲创意为核心，以亲子旅游为特色，多维度深层次挖掘现代农业创意旅游，打造杭州首家创意卡通农业休闲相结合的亲子旅游主题公园。</span> </p> <p> <span style=\"line-height:1.75em;\">&nbsp; &nbsp;2016年农夫乐园横向拓展项目，引进高端马术俱乐部“凯得国际马术中心”及“野狼户外”专业CS拓展团队，同时2016年动漫节期间将与《少年师爷》动画强强联合，突破传统旅游跨界整合资源，多层次多维度挖掘亲子旅游产品的同时加强成人市场影响力。</span> </p> </div> </div> <div class=\"view_box3 mt40\" id=\"Traffic\" style=\"color:#333333;font-family:微软雅黑;\"> <div class=\"view_box3_tit\"> <h2 class=\"f18 yhei n\" style=\"font-size:18px;font-weight:normal;\"> 交通指南 </h2> </div> <div class=\"view_box3_text cell_bk\" style=\"padding:10px;\"> <p> <span style=\"line-height:18px;font-family:宋体;\">线路一：</span><span style=\"line-height:18px;font-family:宋体;\">上塘高架→南庄兜枢纽（转入绕城高速西线）→勾庄出口→安吉方向（转入104国道）→东西大道塘栖方向→农夫乐园</span> </p> <p> <span style=\"line-height:18px;font-family:宋体;\">线路二：</span><span style=\"line-height:18px;font-family:宋体;\">莫干山路→东西大道塘栖方向→农夫乐园</span> </p> <p> <span style=\"line-height:18px;font-family:宋体;\">线路三：</span><span style=\"line-height:18px;font-family:宋体;\">古墩路-东西大道塘栖方向-农夫乐园</span> </p> <p> <span style=\"line-height:18px;font-family:宋体;\">公交线路：</span> </p> <p> <span style=\"line-height:18px;font-family:宋体;\">乘313.348至良渚公交站下→东西大道塘栖方向（步行约105公里）→农夫乐园</span> </p> <p> <span style=\"line-height:18px;font-family:宋体;\">高速线路：</span> </p> <p> <span style=\"line-height:18px;font-family:宋体;\">① 转入杭州绕城北线→勾庄出口→安吉、湖州方向→转入东西大道塘栖方向（加油站右转）→农夫乐园</span> </p> <p> <span style=\"line-height:18px;font-family:宋体;\">② 杭宁高速→良渚出口→东西大道塘栖方向→农夫乐园</span> </p> <p> <span style=\"line-height:18px;font-family:宋体;\">（扫二维码可一键导航）</span> </p> <p> <img src=\"http://officialsite.juyingzhiye.com/2016/201609251509157021936.png\" /> </p> </div> </div>', '1484064000', '9：00-16：30', '杭州余杭区良渚街道东西大道旁', '入园保证,快速入园,随时退,贵就赔', 'static/images/201612061043473055210.jpg!182110');
INSERT INTO `pre_product` VALUES ('22', '农夫乐园成人票', '55.00', '“农夫乐园是一个以文化创意为魂，以绿色环保、亲子动漫为主题，颠覆传统农业旅游形态的国家AAA级生态亲子主题旅游景区。2010年至2013年连续四届杭州西博会项目之一；2011年-2015年连续5届国际动漫节分会场，被评为中国国际动漫节最佳分会场；连续举办两届“冰雕节”；2011年开始至2015年秋季每年举办“乡村狂欢节”。', '<div class=\"view_box3 mt40\" style=\"color:#333333;font-family:微软雅黑;\"> <div class=\"view_box3_tit\"> <h2 class=\"f18 yhei n\" style=\"font-size:18px;font-weight:normal;\"> 预订须知 </h2> </div> <div class=\"view_box3_text cell_bk\" style=\"padding:10px;\"> <p> <span style=\"font-size:14px;line-height:1.75em;\">①开放时间： 9:00--16:30&nbsp;</span> </p> <p> <span style=\"font-size:14px;\">②取票地点： 农夫乐园售票厅</span> </p> <p> <span style=\"font-size:14px;\">③入园凭证：&nbsp;预定成功后到景区付款，取票入园（需提前两小时预定）</span> </p> <p> <span style=\"font-size:14px;\">④特殊人群：<span style=\"line-height:1.75em;\"><span style=\"font-family:宋体;\">老师、军人、</span><span style=\"font-family:&quot;\">70</span><span style=\"font-family:宋体;\">周岁以上老年人、残疾、导游可凭相关证件免费入园。</span></span></span> </p> </div> </div> <div class=\"view_box3 mt40\" style=\"color:#333333;font-family:微软雅黑;\"> <div class=\"view_box3_tit\"> <h2 class=\"f18 yhei n\" style=\"font-size:18px;font-weight:normal;\"> 景点介绍 </h2> </div> <div class=\"view_box3_text cell_bk\" style=\"padding:10px;\"> <p> &nbsp; “农夫乐园是一个以文化创意为魂，以绿色环保、亲子动漫为主题，颠覆传统农业旅游形态的国家AAA级生态亲子主题旅游景区。2010年至2013年连续四届杭州西博会项目之一；2011年-2015年连续5届国际动漫节分会场，被评为中国国际动漫节最佳分会场；连续举办两届“冰雕节”；2011年开始至2015年秋季每年举办“乡村狂欢节”。 </p> <p> <span style=\"line-height:1.75em;\">&nbsp; &nbsp;整个景区分六大主题公园，水上主题公园、动物主题公园、爱情主题公园、休闲美食主题公园、儿童游乐主题公园、休闲度假主题公园，以创意卡通表演为核心，以休闲创意为核心，以亲子旅游为特色，多维度深层次挖掘现代农业创意旅游，打造杭州首家创意卡通农业休闲相结合的亲子旅游主题公园。</span> </p> <p> <span style=\"line-height:1.75em;\">&nbsp; &nbsp;2016年农夫乐园横向拓展项目，引进高端马术俱乐部“凯得国际马术中心”及“野狼户外”专业CS拓展团队，同时2016年动漫节期间将与《少年师爷》动画强强联合，突破传统旅游跨界整合资源，多层次多维度挖掘亲子旅游产品的同时加强成人市场影响力。</span> </p> </div> </div> <div class=\"view_box3 mt40\" id=\"Traffic\" style=\"color:#333333;font-family:微软雅黑;\"> <div class=\"view_box3_tit\"> <h2 class=\"f18 yhei n\" style=\"font-size:18px;font-weight:normal;\"> 交通指南 </h2> </div> <div class=\"view_box3_text cell_bk\" style=\"padding:10px;\"> <p> <span style=\"line-height:18px;font-family:宋体;\">线路一：</span><span style=\"line-height:18px;font-family:宋体;\">上塘高架→南庄兜枢纽（转入绕城高速西线）→勾庄出口→安吉方向（转入104国道）→东西大道塘栖方向→农夫乐园</span> </p> <p> <span style=\"line-height:18px;font-family:宋体;\">线路二：</span><span style=\"line-height:18px;font-family:宋体;\">莫干山路→东西大道塘栖方向→农夫乐园</span> </p> <p> <span style=\"line-height:18px;font-family:宋体;\">线路三：</span><span style=\"line-height:18px;font-family:宋体;\">古墩路-东西大道塘栖方向-农夫乐园</span> </p> <p> <span style=\"line-height:18px;font-family:宋体;\">公交线路：</span> </p> <p> <span style=\"line-height:18px;font-family:宋体;\">乘313.348至良渚公交站下→东西大道塘栖方向（步行约105公里）→农夫乐园</span> </p> <p> <span style=\"line-height:18px;font-family:宋体;\">高速线路：</span> </p> <p> <span style=\"line-height:18px;font-family:宋体;\">① 转入杭州绕城北线→勾庄出口→安吉、湖州方向→转入东西大道塘栖方向（加油站右转）→农夫乐园</span> </p> <p> <span style=\"line-height:18px;font-family:宋体;\">② 杭宁高速→良渚出口→东西大道塘栖方向→农夫乐园</span> </p> <p> <span style=\"line-height:18px;font-family:宋体;\">（扫二维码可一键导航）</span> </p> <p> <img src=\"http://officialsite.juyingzhiye.com/2016/201609251509157021936.png\" /> </p> </div> </div>', '1484064000', '9：00-16：30', '杭州余杭区良渚街道东西大道旁', '入园保证,快速入园,随时退,贵就赔', 'static/images/201612061043473055210.jpg!182110');
INSERT INTO `pre_product` VALUES ('23', '农夫乐园成人票', '55.00', '“农夫乐园是一个以文化创意为魂，以绿色环保、亲子动漫为主题，颠覆传统农业旅游形态的国家AAA级生态亲子主题旅游景区。2010年至2013年连续四届杭州西博会项目之一；2011年-2015年连续5届国际动漫节分会场，被评为中国国际动漫节最佳分会场；连续举办两届“冰雕节”；2011年开始至2015年秋季每年举办“乡村狂欢节”。', '<div class=\"view_box3 mt40\" style=\"color:#333333;font-family:微软雅黑;\"> <div class=\"view_box3_tit\"> <h2 class=\"f18 yhei n\" style=\"font-size:18px;font-weight:normal;\"> 预订须知 </h2> </div> <div class=\"view_box3_text cell_bk\" style=\"padding:10px;\"> <p> <span style=\"font-size:14px;line-height:1.75em;\">①开放时间： 9:00--16:30&nbsp;</span> </p> <p> <span style=\"font-size:14px;\">②取票地点： 农夫乐园售票厅</span> </p> <p> <span style=\"font-size:14px;\">③入园凭证：&nbsp;预定成功后到景区付款，取票入园（需提前两小时预定）</span> </p> <p> <span style=\"font-size:14px;\">④特殊人群：<span style=\"line-height:1.75em;\"><span style=\"font-family:宋体;\">老师、军人、</span><span style=\"font-family:&quot;\">70</span><span style=\"font-family:宋体;\">周岁以上老年人、残疾、导游可凭相关证件免费入园。</span></span></span> </p> </div> </div> <div class=\"view_box3 mt40\" style=\"color:#333333;font-family:微软雅黑;\"> <div class=\"view_box3_tit\"> <h2 class=\"f18 yhei n\" style=\"font-size:18px;font-weight:normal;\"> 景点介绍 </h2> </div> <div class=\"view_box3_text cell_bk\" style=\"padding:10px;\"> <p> &nbsp; “农夫乐园是一个以文化创意为魂，以绿色环保、亲子动漫为主题，颠覆传统农业旅游形态的国家AAA级生态亲子主题旅游景区。2010年至2013年连续四届杭州西博会项目之一；2011年-2015年连续5届国际动漫节分会场，被评为中国国际动漫节最佳分会场；连续举办两届“冰雕节”；2011年开始至2015年秋季每年举办“乡村狂欢节”。 </p> <p> <span style=\"line-height:1.75em;\">&nbsp; &nbsp;整个景区分六大主题公园，水上主题公园、动物主题公园、爱情主题公园、休闲美食主题公园、儿童游乐主题公园、休闲度假主题公园，以创意卡通表演为核心，以休闲创意为核心，以亲子旅游为特色，多维度深层次挖掘现代农业创意旅游，打造杭州首家创意卡通农业休闲相结合的亲子旅游主题公园。</span> </p> <p> <span style=\"line-height:1.75em;\">&nbsp; &nbsp;2016年农夫乐园横向拓展项目，引进高端马术俱乐部“凯得国际马术中心”及“野狼户外”专业CS拓展团队，同时2016年动漫节期间将与《少年师爷》动画强强联合，突破传统旅游跨界整合资源，多层次多维度挖掘亲子旅游产品的同时加强成人市场影响力。</span> </p> </div> </div> <div class=\"view_box3 mt40\" id=\"Traffic\" style=\"color:#333333;font-family:微软雅黑;\"> <div class=\"view_box3_tit\"> <h2 class=\"f18 yhei n\" style=\"font-size:18px;font-weight:normal;\"> 交通指南 </h2> </div> <div class=\"view_box3_text cell_bk\" style=\"padding:10px;\"> <p> <span style=\"line-height:18px;font-family:宋体;\">线路一：</span><span style=\"line-height:18px;font-family:宋体;\">上塘高架→南庄兜枢纽（转入绕城高速西线）→勾庄出口→安吉方向（转入104国道）→东西大道塘栖方向→农夫乐园</span> </p> <p> <span style=\"line-height:18px;font-family:宋体;\">线路二：</span><span style=\"line-height:18px;font-family:宋体;\">莫干山路→东西大道塘栖方向→农夫乐园</span> </p> <p> <span style=\"line-height:18px;font-family:宋体;\">线路三：</span><span style=\"line-height:18px;font-family:宋体;\">古墩路-东西大道塘栖方向-农夫乐园</span> </p> <p> <span style=\"line-height:18px;font-family:宋体;\">公交线路：</span> </p> <p> <span style=\"line-height:18px;font-family:宋体;\">乘313.348至良渚公交站下→东西大道塘栖方向（步行约105公里）→农夫乐园</span> </p> <p> <span style=\"line-height:18px;font-family:宋体;\">高速线路：</span> </p> <p> <span style=\"line-height:18px;font-family:宋体;\">① 转入杭州绕城北线→勾庄出口→安吉、湖州方向→转入东西大道塘栖方向（加油站右转）→农夫乐园</span> </p> <p> <span style=\"line-height:18px;font-family:宋体;\">② 杭宁高速→良渚出口→东西大道塘栖方向→农夫乐园</span> </p> <p> <span style=\"line-height:18px;font-family:宋体;\">（扫二维码可一键导航）</span> </p> <p> <img src=\"http://officialsite.juyingzhiye.com/2016/201609251509157021936.png\" /> </p> </div> </div>', '1484064000', '9：00-16：30', '杭州余杭区良渚街道东西大道旁', '入园保证,快速入园,随时退,贵就赔', 'static/images/201612061043473055210.jpg!182110');
INSERT INTO `pre_product` VALUES ('24', '农夫乐园成人票', '55.00', '“农夫乐园是一个以文化创意为魂，以绿色环保、亲子动漫为主题，颠覆传统农业旅游形态的国家AAA级生态亲子主题旅游景区。2010年至2013年连续四届杭州西博会项目之一；2011年-2015年连续5届国际动漫节分会场，被评为中国国际动漫节最佳分会场；连续举办两届“冰雕节”；2011年开始至2015年秋季每年举办“乡村狂欢节”。', '<div class=\"view_box3 mt40\" style=\"color:#333333;font-family:微软雅黑;\"> <div class=\"view_box3_tit\"> <h2 class=\"f18 yhei n\" style=\"font-size:18px;font-weight:normal;\"> 预订须知 </h2> </div> <div class=\"view_box3_text cell_bk\" style=\"padding:10px;\"> <p> <span style=\"font-size:14px;line-height:1.75em;\">①开放时间： 9:00--16:30&nbsp;</span> </p> <p> <span style=\"font-size:14px;\">②取票地点： 农夫乐园售票厅</span> </p> <p> <span style=\"font-size:14px;\">③入园凭证：&nbsp;预定成功后到景区付款，取票入园（需提前两小时预定）</span> </p> <p> <span style=\"font-size:14px;\">④特殊人群：<span style=\"line-height:1.75em;\"><span style=\"font-family:宋体;\">老师、军人、</span><span style=\"font-family:&quot;\">70</span><span style=\"font-family:宋体;\">周岁以上老年人、残疾、导游可凭相关证件免费入园。</span></span></span> </p> </div> </div> <div class=\"view_box3 mt40\" style=\"color:#333333;font-family:微软雅黑;\"> <div class=\"view_box3_tit\"> <h2 class=\"f18 yhei n\" style=\"font-size:18px;font-weight:normal;\"> 景点介绍 </h2> </div> <div class=\"view_box3_text cell_bk\" style=\"padding:10px;\"> <p> &nbsp; “农夫乐园是一个以文化创意为魂，以绿色环保、亲子动漫为主题，颠覆传统农业旅游形态的国家AAA级生态亲子主题旅游景区。2010年至2013年连续四届杭州西博会项目之一；2011年-2015年连续5届国际动漫节分会场，被评为中国国际动漫节最佳分会场；连续举办两届“冰雕节”；2011年开始至2015年秋季每年举办“乡村狂欢节”。 </p> <p> <span style=\"line-height:1.75em;\">&nbsp; &nbsp;整个景区分六大主题公园，水上主题公园、动物主题公园、爱情主题公园、休闲美食主题公园、儿童游乐主题公园、休闲度假主题公园，以创意卡通表演为核心，以休闲创意为核心，以亲子旅游为特色，多维度深层次挖掘现代农业创意旅游，打造杭州首家创意卡通农业休闲相结合的亲子旅游主题公园。</span> </p> <p> <span style=\"line-height:1.75em;\">&nbsp; &nbsp;2016年农夫乐园横向拓展项目，引进高端马术俱乐部“凯得国际马术中心”及“野狼户外”专业CS拓展团队，同时2016年动漫节期间将与《少年师爷》动画强强联合，突破传统旅游跨界整合资源，多层次多维度挖掘亲子旅游产品的同时加强成人市场影响力。</span> </p> </div> </div> <div class=\"view_box3 mt40\" id=\"Traffic\" style=\"color:#333333;font-family:微软雅黑;\"> <div class=\"view_box3_tit\"> <h2 class=\"f18 yhei n\" style=\"font-size:18px;font-weight:normal;\"> 交通指南 </h2> </div> <div class=\"view_box3_text cell_bk\" style=\"padding:10px;\"> <p> <span style=\"line-height:18px;font-family:宋体;\">线路一：</span><span style=\"line-height:18px;font-family:宋体;\">上塘高架→南庄兜枢纽（转入绕城高速西线）→勾庄出口→安吉方向（转入104国道）→东西大道塘栖方向→农夫乐园</span> </p> <p> <span style=\"line-height:18px;font-family:宋体;\">线路二：</span><span style=\"line-height:18px;font-family:宋体;\">莫干山路→东西大道塘栖方向→农夫乐园</span> </p> <p> <span style=\"line-height:18px;font-family:宋体;\">线路三：</span><span style=\"line-height:18px;font-family:宋体;\">古墩路-东西大道塘栖方向-农夫乐园</span> </p> <p> <span style=\"line-height:18px;font-family:宋体;\">公交线路：</span> </p> <p> <span style=\"line-height:18px;font-family:宋体;\">乘313.348至良渚公交站下→东西大道塘栖方向（步行约105公里）→农夫乐园</span> </p> <p> <span style=\"line-height:18px;font-family:宋体;\">高速线路：</span> </p> <p> <span style=\"line-height:18px;font-family:宋体;\">① 转入杭州绕城北线→勾庄出口→安吉、湖州方向→转入东西大道塘栖方向（加油站右转）→农夫乐园</span> </p> <p> <span style=\"line-height:18px;font-family:宋体;\">② 杭宁高速→良渚出口→东西大道塘栖方向→农夫乐园</span> </p> <p> <span style=\"line-height:18px;font-family:宋体;\">（扫二维码可一键导航）</span> </p> <p> <img src=\"http://officialsite.juyingzhiye.com/2016/201609251509157021936.png\" /> </p> </div> </div>', '1484064000', '9：00-16：30', '杭州余杭区良渚街道东西大道旁', '入园保证,快速入园,随时退,贵就赔', 'static/images/201612061043473055210.jpg!182110');
INSERT INTO `pre_product` VALUES ('25', '农夫乐园成人票', '55.00', '“农夫乐园是一个以文化创意为魂，以绿色环保、亲子动漫为主题，颠覆传统农业旅游形态的国家AAA级生态亲子主题旅游景区。2010年至2013年连续四届杭州西博会项目之一；2011年-2015年连续5届国际动漫节分会场，被评为中国国际动漫节最佳分会场；连续举办两届“冰雕节”；2011年开始至2015年秋季每年举办“乡村狂欢节”。', '<div class=\"view_box3 mt40\" style=\"color:#333333;font-family:微软雅黑;\"> <div class=\"view_box3_tit\"> <h2 class=\"f18 yhei n\" style=\"font-size:18px;font-weight:normal;\"> 预订须知 </h2> </div> <div class=\"view_box3_text cell_bk\" style=\"padding:10px;\"> <p> <span style=\"font-size:14px;line-height:1.75em;\">①开放时间： 9:00--16:30&nbsp;</span> </p> <p> <span style=\"font-size:14px;\">②取票地点： 农夫乐园售票厅</span> </p> <p> <span style=\"font-size:14px;\">③入园凭证：&nbsp;预定成功后到景区付款，取票入园（需提前两小时预定）</span> </p> <p> <span style=\"font-size:14px;\">④特殊人群：<span style=\"line-height:1.75em;\"><span style=\"font-family:宋体;\">老师、军人、</span><span style=\"font-family:&quot;\">70</span><span style=\"font-family:宋体;\">周岁以上老年人、残疾、导游可凭相关证件免费入园。</span></span></span> </p> </div> </div> <div class=\"view_box3 mt40\" style=\"color:#333333;font-family:微软雅黑;\"> <div class=\"view_box3_tit\"> <h2 class=\"f18 yhei n\" style=\"font-size:18px;font-weight:normal;\"> 景点介绍 </h2> </div> <div class=\"view_box3_text cell_bk\" style=\"padding:10px;\"> <p> &nbsp; “农夫乐园是一个以文化创意为魂，以绿色环保、亲子动漫为主题，颠覆传统农业旅游形态的国家AAA级生态亲子主题旅游景区。2010年至2013年连续四届杭州西博会项目之一；2011年-2015年连续5届国际动漫节分会场，被评为中国国际动漫节最佳分会场；连续举办两届“冰雕节”；2011年开始至2015年秋季每年举办“乡村狂欢节”。 </p> <p> <span style=\"line-height:1.75em;\">&nbsp; &nbsp;整个景区分六大主题公园，水上主题公园、动物主题公园、爱情主题公园、休闲美食主题公园、儿童游乐主题公园、休闲度假主题公园，以创意卡通表演为核心，以休闲创意为核心，以亲子旅游为特色，多维度深层次挖掘现代农业创意旅游，打造杭州首家创意卡通农业休闲相结合的亲子旅游主题公园。</span> </p> <p> <span style=\"line-height:1.75em;\">&nbsp; &nbsp;2016年农夫乐园横向拓展项目，引进高端马术俱乐部“凯得国际马术中心”及“野狼户外”专业CS拓展团队，同时2016年动漫节期间将与《少年师爷》动画强强联合，突破传统旅游跨界整合资源，多层次多维度挖掘亲子旅游产品的同时加强成人市场影响力。</span> </p> </div> </div> <div class=\"view_box3 mt40\" id=\"Traffic\" style=\"color:#333333;font-family:微软雅黑;\"> <div class=\"view_box3_tit\"> <h2 class=\"f18 yhei n\" style=\"font-size:18px;font-weight:normal;\"> 交通指南 </h2> </div> <div class=\"view_box3_text cell_bk\" style=\"padding:10px;\"> <p> <span style=\"line-height:18px;font-family:宋体;\">线路一：</span><span style=\"line-height:18px;font-family:宋体;\">上塘高架→南庄兜枢纽（转入绕城高速西线）→勾庄出口→安吉方向（转入104国道）→东西大道塘栖方向→农夫乐园</span> </p> <p> <span style=\"line-height:18px;font-family:宋体;\">线路二：</span><span style=\"line-height:18px;font-family:宋体;\">莫干山路→东西大道塘栖方向→农夫乐园</span> </p> <p> <span style=\"line-height:18px;font-family:宋体;\">线路三：</span><span style=\"line-height:18px;font-family:宋体;\">古墩路-东西大道塘栖方向-农夫乐园</span> </p> <p> <span style=\"line-height:18px;font-family:宋体;\">公交线路：</span> </p> <p> <span style=\"line-height:18px;font-family:宋体;\">乘313.348至良渚公交站下→东西大道塘栖方向（步行约105公里）→农夫乐园</span> </p> <p> <span style=\"line-height:18px;font-family:宋体;\">高速线路：</span> </p> <p> <span style=\"line-height:18px;font-family:宋体;\">① 转入杭州绕城北线→勾庄出口→安吉、湖州方向→转入东西大道塘栖方向（加油站右转）→农夫乐园</span> </p> <p> <span style=\"line-height:18px;font-family:宋体;\">② 杭宁高速→良渚出口→东西大道塘栖方向→农夫乐园</span> </p> <p> <span style=\"line-height:18px;font-family:宋体;\">（扫二维码可一键导航）</span> </p> <p> <img src=\"http://officialsite.juyingzhiye.com/2016/201609251509157021936.png\" /> </p> </div> </div>', '1484064000', '9：00-16：30', '杭州余杭区良渚街道东西大道旁', '入园保证,快速入园,随时退,贵就赔', 'static/images/201612061043473055210.jpg!182110');
INSERT INTO `pre_product` VALUES ('26', '农夫乐园成人票', '55.00', '“农夫乐园是一个以文化创意为魂，以绿色环保、亲子动漫为主题，颠覆传统农业旅游形态的国家AAA级生态亲子主题旅游景区。2010年至2013年连续四届杭州西博会项目之一；2011年-2015年连续5届国际动漫节分会场，被评为中国国际动漫节最佳分会场；连续举办两届“冰雕节”；2011年开始至2015年秋季每年举办“乡村狂欢节”。', '<div class=\"view_box3 mt40\" style=\"color:#333333;font-family:微软雅黑;\"> <div class=\"view_box3_tit\"> <h2 class=\"f18 yhei n\" style=\"font-size:18px;font-weight:normal;\"> 预订须知 </h2> </div> <div class=\"view_box3_text cell_bk\" style=\"padding:10px;\"> <p> <span style=\"font-size:14px;line-height:1.75em;\">①开放时间： 9:00--16:30&nbsp;</span> </p> <p> <span style=\"font-size:14px;\">②取票地点： 农夫乐园售票厅</span> </p> <p> <span style=\"font-size:14px;\">③入园凭证：&nbsp;预定成功后到景区付款，取票入园（需提前两小时预定）</span> </p> <p> <span style=\"font-size:14px;\">④特殊人群：<span style=\"line-height:1.75em;\"><span style=\"font-family:宋体;\">老师、军人、</span><span style=\"font-family:&quot;\">70</span><span style=\"font-family:宋体;\">周岁以上老年人、残疾、导游可凭相关证件免费入园。</span></span></span> </p> </div> </div> <div class=\"view_box3 mt40\" style=\"color:#333333;font-family:微软雅黑;\"> <div class=\"view_box3_tit\"> <h2 class=\"f18 yhei n\" style=\"font-size:18px;font-weight:normal;\"> 景点介绍 </h2> </div> <div class=\"view_box3_text cell_bk\" style=\"padding:10px;\"> <p> &nbsp; “农夫乐园是一个以文化创意为魂，以绿色环保、亲子动漫为主题，颠覆传统农业旅游形态的国家AAA级生态亲子主题旅游景区。2010年至2013年连续四届杭州西博会项目之一；2011年-2015年连续5届国际动漫节分会场，被评为中国国际动漫节最佳分会场；连续举办两届“冰雕节”；2011年开始至2015年秋季每年举办“乡村狂欢节”。 </p> <p> <span style=\"line-height:1.75em;\">&nbsp; &nbsp;整个景区分六大主题公园，水上主题公园、动物主题公园、爱情主题公园、休闲美食主题公园、儿童游乐主题公园、休闲度假主题公园，以创意卡通表演为核心，以休闲创意为核心，以亲子旅游为特色，多维度深层次挖掘现代农业创意旅游，打造杭州首家创意卡通农业休闲相结合的亲子旅游主题公园。</span> </p> <p> <span style=\"line-height:1.75em;\">&nbsp; &nbsp;2016年农夫乐园横向拓展项目，引进高端马术俱乐部“凯得国际马术中心”及“野狼户外”专业CS拓展团队，同时2016年动漫节期间将与《少年师爷》动画强强联合，突破传统旅游跨界整合资源，多层次多维度挖掘亲子旅游产品的同时加强成人市场影响力。</span> </p> </div> </div> <div class=\"view_box3 mt40\" id=\"Traffic\" style=\"color:#333333;font-family:微软雅黑;\"> <div class=\"view_box3_tit\"> <h2 class=\"f18 yhei n\" style=\"font-size:18px;font-weight:normal;\"> 交通指南 </h2> </div> <div class=\"view_box3_text cell_bk\" style=\"padding:10px;\"> <p> <span style=\"line-height:18px;font-family:宋体;\">线路一：</span><span style=\"line-height:18px;font-family:宋体;\">上塘高架→南庄兜枢纽（转入绕城高速西线）→勾庄出口→安吉方向（转入104国道）→东西大道塘栖方向→农夫乐园</span> </p> <p> <span style=\"line-height:18px;font-family:宋体;\">线路二：</span><span style=\"line-height:18px;font-family:宋体;\">莫干山路→东西大道塘栖方向→农夫乐园</span> </p> <p> <span style=\"line-height:18px;font-family:宋体;\">线路三：</span><span style=\"line-height:18px;font-family:宋体;\">古墩路-东西大道塘栖方向-农夫乐园</span> </p> <p> <span style=\"line-height:18px;font-family:宋体;\">公交线路：</span> </p> <p> <span style=\"line-height:18px;font-family:宋体;\">乘313.348至良渚公交站下→东西大道塘栖方向（步行约105公里）→农夫乐园</span> </p> <p> <span style=\"line-height:18px;font-family:宋体;\">高速线路：</span> </p> <p> <span style=\"line-height:18px;font-family:宋体;\">① 转入杭州绕城北线→勾庄出口→安吉、湖州方向→转入东西大道塘栖方向（加油站右转）→农夫乐园</span> </p> <p> <span style=\"line-height:18px;font-family:宋体;\">② 杭宁高速→良渚出口→东西大道塘栖方向→农夫乐园</span> </p> <p> <span style=\"line-height:18px;font-family:宋体;\">（扫二维码可一键导航）</span> </p> <p> <img src=\"http://officialsite.juyingzhiye.com/2016/201609251509157021936.png\" /> </p> </div> </div>', '1484064000', '9：00-16：30', '杭州余杭区良渚街道东西大道旁', '入园保证,快速入园,随时退,贵就赔', 'static/images/201612061043473055210.jpg!182110');
INSERT INTO `pre_product` VALUES ('31', '12321323', '1231231.00', 'sadasd', 'asdasd', '1491926400', '04/05/2017', '123123132', '123213213', '');
INSERT INTO `pre_product` VALUES ('32', '123123213', '99999999.99', 'asdsad', 'adssad', '1492617600', '23213', '12312312312', '312321321323', '');
INSERT INTO `pre_product` VALUES ('33', 'aaaaaaa', '11.22', 'asdsad', 'asdsadasd', '1492012800', '123123', '123123213', '213123', 'static/uploads/201704110410026863.jpg');
INSERT INTO `pre_product` VALUES ('30', '啊啊啊啊啊', '23.00', '阿萨德撒多撒多撒多<img src=\"http://localhost/class/FarmerPark/include/kindeditor/plugins/emoticons/images/20.gif\" border=\"0\" alt=\"\" />', '<img src=\"http://localhost/class/FarmerPark/include/kindeditor/plugins/emoticons/images/22.gif\" border=\"0\" alt=\"\" /><img src=\"http://localhost/class/FarmerPark/include/kindeditor/plugins/emoticons/images/12.gif\" border=\"0\" alt=\"\" />撒的撒<span style=\"color:#99BB00;\">多撒</span><strong>多撒多撒多</strong>', '0', '13/04/2017', '阿斯达所大撒大所多', '沙发的地方第三方第三方', '');

-- ----------------------------
-- Table structure for pre_settings
-- ----------------------------
DROP TABLE IF EXISTS `pre_settings`;
CREATE TABLE `pre_settings` (
  `set_id` int(11) NOT NULL AUTO_INCREMENT,
  `set_name` varchar(45) DEFAULT NULL COMMENT '设置名称[英文]',
  `set_value` text COMMENT '设置值',
  `set_time` varchar(45) DEFAULT NULL COMMENT '添加时间',
  `set_title` varchar(200) DEFAULT NULL COMMENT '设置名称[中文]',
  PRIMARY KEY (`set_id`)
) ENGINE=MyISAM AUTO_INCREMENT=34 DEFAULT CHARSET=utf8 COMMENT='设置表';

-- ----------------------------
-- Records of pre_settings
-- ----------------------------
INSERT INTO `pre_settings` VALUES ('23', 'copyright', '© 2017 杭州三祺酒店管理有限公司', null, '公司版权');
INSERT INTO `pre_settings` VALUES ('24', 'site_link', '<a href=\"http://www.juyingzhiye.com\" target=\"_blank\">聚赢智业</a>', null, '技术支持');
INSERT INTO `pre_settings` VALUES ('25', 'phone', '0571-88760888', null, '座机');
INSERT INTO `pre_settings` VALUES ('26', 'phone2', '0571-88781275', null, '传真');
INSERT INTO `pre_settings` VALUES ('27', 'email', 'hznfly@163.com', null, '邮箱');
INSERT INTO `pre_settings` VALUES ('28', 'qq', '2873374847', null, 'qq');
INSERT INTO `pre_settings` VALUES ('29', 'wechat', 'lz-nfly', null, '微信');
INSERT INTO `pre_settings` VALUES ('30', 'address', '杭州余杭区良渚街道东西大道旁', null, '地址');
INSERT INTO `pre_settings` VALUES ('31', 'wechat_code', 'static/images/201603291531255264616.jpg', null, '微信二维码');
INSERT INTO `pre_settings` VALUES ('32', 'company_time', '9:00 - 16:00', null, '营业时间');
INSERT INTO `pre_settings` VALUES ('33', 'company_desc', ' “农夫乐园是一个以文化创意为魂，以绿色环保、亲子动漫为主题，颠覆传统农业旅游形态的国家AAA级生态亲子主题旅游景区。2010年至2013年连续四届杭州西博会项目之一；2011年-2015年连续5届国际动漫节分会场，被评为中国国际动漫节最佳分会场；连续举办两届“冰雕节”；2011年开始至2015年秋季每年举办“乡村狂欢节”。 2016年农夫乐园举办杭州首届国际梦幻灯光节！\r\n        2016年10月份秋季农夫乐园将推出第五届乡村“萌宠总动员”，有可爱的萌宠互动，有教育意义的蝴蝶科普，有欢乐的家庭亲子表演互动活动（抗日向英雄、沙滩寻宝、水枪大战、撕名牌、小香猪赛跑、农夫运动会等活动），更有数不尽的游乐设施骑马、卡丁车、划船等乐不胜收。', null, null);

-- ----------------------------
-- Table structure for pre_user
-- ----------------------------
DROP TABLE IF EXISTS `pre_user`;
CREATE TABLE `pre_user` (
  `user_id` int(10) unsigned NOT NULL AUTO_INCREMENT COMMENT '会员主键',
  `user_phone` varchar(20) DEFAULT NULL COMMENT '电话号码',
  `user_time` int(11) DEFAULT NULL COMMENT '注册时间',
  `user_login` int(11) DEFAULT NULL COMMENT '登录时间',
  `user_pwd` varchar(32) DEFAULT NULL COMMENT '登录密码',
  `user_img` varchar(255) DEFAULT NULL COMMENT '头像',
  PRIMARY KEY (`user_id`)
) ENGINE=MyISAM DEFAULT CHARSET=utf8;

-- ----------------------------
-- Records of pre_user
-- ----------------------------
